CodigoProyecto,entidad,proyecto,actividades,programado_mm,avance_fisico,avance_financiero,actividades_en_cero,brecha_vs_tiempo,CodigoBPIN,mes_ponderado,pct_valor_Q4,n_contratos,grupo
7251,Empresa de Transporte del Tercer Milenio - Transmilenio S.A.,DESARROLLO Y GESTIÓN DE LA INFRAESTRUCTURA DEL SISTEMA INT,1,15538.21,3.0,1.42307254181788,0,-40.6986301369863,2020110010278,4.55527824507529,0.0,4.0,<25% en Q4
7501,Empresa Metro de Bogotá S.A.,PRIMERA LÍNEA DE METRO DE BOGOTÁ,2,12421715.32,21.37839760286872,10.826375145103553,0,-22.320232534117583,2020110010193,7.701550441154314,41.4338971080031,214.0,25-50%
7519,Empresa Metro de Bogotá S.A.,DISEÑO  CONSTRUCCIÓN Y PUESTA EN OPERACIÓN DE LA PRIMERA L,4,685204.55,10.612691103700346,11.260440404255926,1,-33.08593903328595,2020110010193,7.701550441154314,41.4338971080031,214.0,25-50%
7520,Empresa Metro de Bogotá S.A.,DESARROLLO  IDENTIFICACIÓN  PLANEACIÓN  ESTRUCTURACIÓN Y A,3,1529760.05,0.0,0.138137350364196,3,-43.6986301369863,2020110010192,5.568412270158038,5.150337291104642,16.0,<25% en Q4
7528,Empresa de Renovación y Desarrollo Urbano,FORMULACIÓN GESTIÓN Y ESTRUCTURACIÓN DE PROYECTOS DE DESAR,2,66074.15,17.981669079360085,23.89973991341546,0,-25.716961057626214,2024110010009,3.222463283560687,0.0,11.0,<25% en Q4
7532,Empresa Metro de Bogotá S.A.,FORTALECIMIENTO DE LA CAPACIDAD INSTITUCIONAL EN EL MARCO ,7,17040.260000000002,15.916516684604575,9.073042312734664,6,-27.78211345238173,2024110010016,7.898117487225004,66.3704985460876,17.0,50-75%
7575,Secretaría Distrital del Hábitat,ESTUDIOS Y DISEÑOS DE PROYECTO PARA EL MEJORAMIENTO INTEGR,5,184029.19,0.0,4.921708344203439,5,-43.6986301369863,2020110010320,3.0128343553552726,1.2016299748388675,114.0,<25% en Q4
7624,Secretaría de Educación del Distrito,SERVICIO EDUCATIVO DE COBERTURA CON EQUIDAD EN BOGOTÁ D.C.,2,216970.58,3.320770591451885,3.3437067827352447,1,-40.37785954553442,2020110010007,7.028095201756088,5.399367133945856,283.0,<25% en Q4
7638,Secretaría de Educación del Distrito,FORTALECIMIENTO DE LA INFRAESTRUCTURA Y DOTACIÓN DE AMBIEN,4,1007748.81,10.203991922896329,23.88876747966589,2,-33.494638214089974,2020110010008,6.7718253206551635,37.3232390206155,452.0,25-50%
7717,Instituto Distrital de Turismo,FORTALECIMIENTO DE LA CAPACIDAD DEL SISTEMA DISTRITAL DE T,7,5309.070000000001,5.911907986395609,19.59589909343821,5,-37.78672215059069,2024110010119,4.60042896097615,8.496800080672383,57.0,<25% en Q4
7883,Secretaría Distrital del Hábitat,ADECUACIÓN DE ENTORNOS URBANOS Y/O RURALES CON DÉFICIT DE ,4,165439.46,0.0,3.2099415701671177,4,-43.6986301369863,2024110010214,3.8391678204068604,0.6725255720964644,56.0,<25% en Q4
7891,Departamento Administrativo del Servicio Civil Distrital,FORTALECIMIENTO INSTITUCIONAL DEL DASCD: HACIA UNA GESTIÓN,2,654.87,23.68594421139201,23.607738940553087,0,-20.01268592559429,2024110010177,5.8660771160676335,11.54554909211951,49.0,<25% en Q4
7893,"Secretaría Distrital de Cultura, Recreación y Deporte",FORMACIÓN ARTÍSTICA  CULTURAL Y DEPORTIVA A LO LARGO DE LA,2,9099.31,25.75256925030429,30.69166782975852,0,-17.94606088668201,2024110010081,6.341849799425552,1.817369298806295,16.0,<25% en Q4
7921,Fundación Gilberto Alzate Avendaño,FORTALECIMIENTO INSTITUCIONAL DE LA FUGA BOGOTÁ D.C.,3,10797.57,24.1471006254185,27.239740052622956,0,-19.551529511567804,2024110010011,3.416412993619474,1.5353692126862128,70.0,<25% en Q4
7922,Fundación Gilberto Alzate Avendaño,CONSOLIDACIÓN DEL DISTRITO CREATIVO EN EL BRONX PARA LA RE,2,46448.69,17.331749076238747,57.464634632322245,1,-26.36688106074756,2024110010053,3.157242022238799,3.905478501462267,10.0,<25% en Q4
7924,Fundación Gilberto Alzate Avendaño,CONSOLIDACIÓN DEL ECOSISTEMA DE LA ECONOMÍA CULTURAL Y CRE,4,12186.84,27.95565386224403,29.211099842124785,1,-15.742976274742272,2024110010054,3.405302540911698,3.270499736348921,21.0,<25% en Q4
7925,Fundación Gilberto Alzate Avendaño,FORTALECIMIENTO DE ESPACIOS DE TRANSFORMACIÓN CULTURAL  ME,2,6988.77,35.96422721824441,28.481692772834133,0,-7.734402918741893,2024110010052,3.0466708471146804,0.8868718678532107,31.0,<25% en Q4
7926,Fundación Gilberto Alzate Avendaño,FORTALECIMIENTO DEL ECOSISTEMA ARTÍSTICO Y CULTURAL EN EL ,2,12730.24,19.94864084969149,29.248388090091,0,-23.749989287294817,2024110010051,5.053618427930575,1.0438898899365534,53.0,<25% en Q4
7927,Instituto para la Economía Social,FORTALECIMIENTO PARA LA INTEGRACIÓN ECONÓMICA Y PRODUCTIVA,4,5887.13,13.56099763119822,18.411857730337196,0,-30.137632505788083,2024110010025,6.755247812134052,6.696664192560267,47.0,<25% en Q4
7928,Departamento Administrativo de la Defensoría del Espacio Público,CONSOLIDACIÓN DE LA DEFENSA DEL ESPACIO PÚBLICO Y LA APROP,4,27748.07,22.748968657438876,18.265558649664644,0,-20.94966147954743,2024110010010,3.633067070281384,2.960359061961728,333.0,<25% en Q4
7929,"Secretaría Distrital de Cultura, Recreación y Deporte",FORTALECIMIENTO DE ALIANZAS ESTRATÉGICAS A NIVEL BILATERAL,2,106791.14,12.632862926019268,22.03694988179731,0,-31.065767210967035,2024110010102,7.26414219961929,4.189074382445038,26.0,<25% en Q4
7930,Instituto Distrital de Protección y Bienestar Animal,DESARROLLO DE UN PROCESO INSTITUCIONAL DE GESTIÓN DEL CONO,3,1979.27,20.9595081592131,15.567860878000475,0,-22.7391219777732,2024110010034,5.648202320896194,17.24352987038555,35.0,<25% en Q4
7933,Instituto Distrital de Protección y Bienestar Animal,OPTIMIZACIÓN DE LOS SERVICIOS PARA LA ATENCIÓN INTEGRAL Y ,6,79227.02,17.543297344358884,18.490030295219988,1,-26.15533279262742,2024110010036,6.526288609397705,35.16177324086611,241.0,25-50%
7934,Instituto para la Economía Social,IMPLEMENTACIÓN DE LA POLÍTICA PÚBLICA DISTRITAL DE VENDEDO,3,51439.74,22.45146666099012,15.700059914766287,0,-21.24716347599618,2024110010019,7.2786122295864715,2.154874255895658,165.0,<25% en Q4
7935,Departamento Administrativo de la Defensoría del Espacio Público,GENERACIÓN DE PROYECTOS DE BIENESTAR CON ENFOQUE DE GÉNERO,2,3700.85,27.65019747715615,13.513922477268734,0,-16.04843265983015,2024110010022,6.910917261432726,0.0,11.0,<25% en Q4
7936,Instituto Distrital de Protección y Bienestar Animal,FORTALECIMIENTO DE LA APROPIACIÓN DE LA CULTURA CIUDADANA ,3,10615.59,27.801255097455723,13.120891066817766,0,-15.89737503953058,2024110010030,5.988809042108365,10.817029905712545,81.0,<25% en Q4
7940,Secretaría Distrital de Integración Social,IMPLEMENTACIÓN DE ESTRATEGIAS DE INCLUSIÓN SOCIAL Y PRODUC,4,38210.73,22.611648731128668,15.678397141326537,0,-21.086981405857635,2024110010043,5.564531929816797,16.307742230453144,485.0,<25% en Q4
7941,Secretaría Distrital de Movilidad,FORTALECIMIENTO DEL COMPONENTE DE GOBERNANZA PARA LA IMPLE,3,32045.54,28.29446472114372,22.211671265330526,0,-15.40416541584258,2024110010100,2.650353804487938,0.0,27.0,<25% en Q4
7942,Secretaría Distrital de Integración Social,FORTALECIMIENTO DE LAS COMISARÍAS DE FAMILIA PARA EL MEJOR,1,5126.09,0.0,2.585986590169115,1,-43.6986301369863,2024110010045,6.22938688611848,32.20041874157536,154.0,25-50%
7944,Veeduría Distrital,CONTRIBUCIÓN A UNA CULTURA DE INNOVACIÓN PÚBLICA PARA LA E,4,2324.63,26.20149648448453,30.17727552341663,0,-17.497133652501773,2024110010023,7.599695882903679,3.2368801091769224,12.0,<25% en Q4
7947,Secretaría Distrital de Integración Social,FORTALECIMIENTO DE LA GESTIÓN TERRITORIAL PARA LA PROMOCIÓ,2,28755.84,19.780687608365582,18.3813792259242,0,-23.91794252862072,2024110010049,3.7542783746366015,13.289831291724976,356.0,<25% en Q4
7948,Secretaría Distrital de Integración Social,DESARROLLO DEL ABORDAJE INTEGRAL DEL FENÓMENO DE HABITABIL,2,258450.78,20.431545476427253,20.75544519540626,0,-23.26708466055905,2024110010057,8.527737888560349,70.15007859649532,843.0,50-75%
7949,Secretaría de Educación del Distrito,MODERNIZACIÓN Y FORTALECIMIENTO DE LOS SISTEMAS DE INFORMA,1,82835.94,27.272727272727277,20.238739368443213,0,-16.42590286425903,2024110010062,5.706255981843238,37.62218832859632,236.0,25-50%
7950,Instituto para la Economía Social,FORTALECIMIENTO DE LA RUTA DE FORMACIÓN INTEGRAL Y ORIENTA,2,3438.43,24.69355490732689,23.901024595527613,0,-19.00507522965941,2024110010024,4.714410143754576,14.206266620418546,43.0,<25% en Q4
7951,Instituto Distrital de Protección y Bienestar Animal,MEJORAMIENTO DE LA GESTIÓN PÚBLICA Y ADMINISTRATIVA DEL IN,10,47319.41,18.395543205209027,15.594171609493864,1,-25.30308693177728,2024110010061,6.11684375847866,5.826387136087412,152.0,<25% en Q4
7953,Secretaría Distrital de Integración Social,GENERACIÓN DEL BIEN-ESTAR ALIMENTARIO Y NUTRICIONAL EN BOG,2,420621.23,29.465304185911823,20.11838299269868,0,-14.233325951074477,2024110010071,7.285253093248891,32.00479529767297,652.0,25-50%
7954,Instituto para la Economía Social,MANTENIMIENTO PARA FORTALECER LA INFRAESTRUCTURA A TRAVÉS ,2,36863.31,20.68361285245411,6.513820923839992,0,-23.015017284532192,2024110010028,2.632026090742864,14.284793636831292,29.0,<25% en Q4
7955,Secretaría Distrital de Integración Social,GENERACIÓN DE LA INFORMACIÓN  GESTIÓN DEL CONOCIMIENTO Y L,4,222891.44,13.582096699930096,11.374241200110692,0,-30.116533437056205,2024110010073,6.0739347501615,17.221976308247044,414.0,<25% en Q4
7956,Instituto para la Economía Social,ADMINISTRACIÓN Y FORTALECIMIENTO DE LAS PLAZAS DISTRITALES,3,6788.33,21.50917235903381,15.729347276870747,0,-22.18945777795249,2024110010033,6.591088128854267,29.13202724867918,145.0,25-50%
7957,"Secretaría Distrital de Cultura, Recreación y Deporte",FORTALECIMIENTO DE PRÁCTICAS Y TRANSFORMACIONES CULTURALES,3,48861.92,26.24623825426011,20.93693821282504,0,-17.452391882726193,2024110010080,5.02669272243601,6.360738117966807,105.0,<25% en Q4
7958,Instituto para la Economía Social,APROVECHAMIENTO DEL ESPACIO PÚBLICO DONDE CONVERGE LA POBL,2,14100.55,18.927027187895916,29.30821847374748,0,-24.77160294909039,2024110010035,5.538615295907856,20.121777772131836,228.0,<25% en Q4
7959,"Secretaría Distrital de Cultura, Recreación y Deporte",FORTALECIMIENTO DE LA SOSTENIBILIDAD ECONÓMICA DEL SECTOR ,6,39062.12,19.559017692600307,27.38461199750551,0,-24.139612444386,2024110010144,5.471360245533567,0.7646337732765196,50.0,<25% en Q4
7961,Secretaría Distrital de Ambiente,FORTALECIMIENTO DE LA APROPIACIÓN SOCIAL DEL CONOCIMIENTO ,4,36252.76,19.91651435611385,24.20279173227087,0,-23.78211578087245,2024110010032,3.927541260859865,17.394822262591763,174.0,<25% en Q4
7962,Instituto Distrital de las Artes,CONSOLIDACIÓN DE PROCESOS DESDE LAS ARTES QUE APORTEN AL D,3,28179.77,16.610978968746497,24.34689850201049,0,-27.087651168239805,2024110010064,2.776820883957937,0.4848559717974536,300.0,<25% en Q4
7963,Instituto Distrital del Patrimonio Cultural,DESARROLLO DE INSTRUMENTOS DE PLANEACIÓN Y GESTIÓN TERRITO,2,9293.51,24.622663450085064,21.853207238169432,0,-19.07596668690124,2024110010098,3.987532436072414,5.81790041617587,62.0,<25% en Q4
7965,"Secretaría Distrital de Cultura, Recreación y Deporte",FORTALECIMIENTO DEL FOMENTO PARA EL DESARROLLO DE PROCESOS,6,121933.94,23.793807498033036,24.42128910129534,0,-19.90482263895327,2024110010152,5.145427050501901,1.2569261715928415,119.0,<25% en Q4
7970,"Secretaría Distrital de Cultura, Recreación y Deporte",FORTALECIMIENTO DEL ACCESO A LA CULTURA ESCRITA DE LOS HAB,3,168740.69999999998,19.47315295859268,23.28220162651927,1,-24.22547717839362,2024110010082,2.575092332252575,2.712720037753161,28.0,<25% en Q4
7971,Departamento Administrativo del Servicio Civil Distrital,DESARROLLO DE CAPACIDADES PARA UNA GESTIÓN INNOVADORA E IN,3,6484.81,27.655744979421144,20.241302366607503,0,-16.04288515756516,2024110010147,5.626554605477992,12.077704574803812,124.0,<25% en Q4
7972,Instituto Distrital para la Protección de la Niñez y la Juventud,FORTALECIMIENTO DE LA INFRAESTRUCTURA TECNOLÓGICA Y DE COM,1,19905.72,13.5,18.533717946399324,0,-30.198630136986303,2024110010040,7.402336054959766,10.416085236303756,78.0,<25% en Q4
7975,Secretaría Distrital de Movilidad,IMPLEMENTACIÓN DE ACCIONES PARA UNA MOVILIDAD SOSTENIBLE  ,11,130350.78,18.47788662944709,9.665082172887647,0,-25.220743507539208,2024110010099,5.610620470742559,13.974728363129802,201.0,<25% en Q4
7977,Secretaría Distrital de Ambiente,FORTALECIMIENTO DE LA CAPACIDAD EN LA GESTIÓN LEGAL AMBIEN,2,3033.27,26.728204215252845,22.15595710240104,0,-16.970425921733458,2024110010084,1.4627745852039435,0.0,24.0,<25% en Q4
7978,Veeduría Distrital,CONTROL SOCIAL PARA LA PROMOCIÓN DE LA CULTURA DE INTEGRID,3,3683.62,16.027647555035742,30.221629809806657,0,-27.67098258195056,2024110010031,8.342758278384665,37.1925162930316,36.0,25-50%
7979,Instituto Distrital de las Artes,CONSOLIDACIÓN DE PROCESOS CREATIVOS  INNOVADORES  INCLUYEN,5,70772.54,23.59505797667822,35.287457536496504,0,-20.103572160308083,2024110010088,7.680909777134873,42.531997816848666,133.0,25-50%
7980,Secretaría Distrital de Movilidad,IMPLEMENTACIÓN DE INTERVENCIONES INTEGRALES DE CULTURA  CO,3,36390.8,19.89877067683773,15.076887564988953,0,-23.799859460148568,2024110010096,8.118468187586974,38.041820598286094,136.0,25-50%
7981,Veeduría Distrital,FORTALECIMIENTO DE CAPACIDADES INSTITUCIONALES Y TECNOLÓGI,7,2778.03,25.912127178852163,16.149573618715422,5,-17.78650295813414,2024110010046,5.583363521075473,18.86978875106821,26.0,<25% en Q4
7982,Secretaría Distrital de Movilidad,MEJORAMIENTO Y MANTENIMIENTO DE LOS SERVICIOS DE TI ASOCIA,3,127277.68,21.55460669946701,12.11294077641893,0,-22.14402343751929,2024110010095,8.922665064292389,53.7048482107074,68.0,50-75%
7983,Secretaría Distrital de Gobierno,FORTALECIMIENTO DE LA GESTIÓN POLICIVA EN BOGOTÁ D.C.,4,23207.94,19.33776457539963,22.37643668503107,0,-24.360865561586674,2024110010069,4.7707140840083015,10.310501024783724,309.0,<25% en Q4
7986,Secretaría Distrital de Hacienda,MEJORAMIENTO DE LOS INGRESOS TRIBUTARIOS BOGOTÁ D.C.,2,27990.0,24.30782172222518,24.51918542336549,0,-19.39080841476112,2024110010106,5.087783607354946,4.716111656709609,11.0,<25% en Q4
7988,Secretaría Distrital de Gobierno,FORTALECIMIENTO DE LA CAPACIDAD INSTITUCIONAL Y DE LOS ACT,2,5118.43,27.033354832438853,5.140248083885098,1,-16.66527530454745,2024110010110,5.156719516008745,1.8136573996672913,175.0,<25% en Q4
7990,"Secretaría Distrital de Cultura, Recreación y Deporte",ASISTENCIA TÉCNICA PARA EL DESARROLLO DE INFRAESTRUCTURAS ,4,171696.44,43.5551373480058,12.108719318816394,0,-0.1434927889805024,2024110010123,8.966622539448915,51.591524582794605,72.0,50-75%
7991,"Secretaría Distrital de Cultura, Recreación y Deporte",INNOVACIÓN Y CAMBIO CULTURAL PARA LA TRANSFORMACIÓN DE COM,2,21825.76,6.992632765136242,17.55723512033487,0,-36.70599737185006,2024110010122,6.497103038496806,10.49513167267085,171.0,<25% en Q4
7992,Jardín Botánico José Celestino Mutis,CONSOLIDACIÓN DE LAS COBERTURAS VEGETALES COMO ESTRATEGIA ,5,27158.26,17.810124313447293,17.107502468862144,0,-25.88850582353901,2024110010004,5.2745833670690585,2.80624732048594,941.0,<25% en Q4
7996,Secretaría Distrital de Movilidad,FORTALECIMIENTO DEL PROGRAMA NIÑAS Y NIÑOS PRIMERO PARA ME,4,72464.51,20.90079051773628,17.27767151119907,0,-22.797839619250023,2024110010116,2.36599513838946,4.702602107870919,632.0,<25% en Q4
7997,Instituto Distrital de las Artes,GENERACIÓN DE CONTENIDOS DIGITALES DE EXPERIENCIAS Y FORMA,2,2084.09,24.53233203882168,34.186623418374445,0,-19.166298098164624,2024110010092,4.374359542718181,7.252251511250968,30.0,<25% en Q4
7998,Secretaría Distrital de Movilidad,FORTALECIMIENTO DE LA RED DE CICLOINFRAESTRUCTURA EN LA CI,2,6098.95,22.06659351980571,21.853597750432453,0,-21.632036617180592,2024110010114,3.9662041566909765,16.808503267282326,37.0,<25% en Q4
8000,Secretaría Distrital de Movilidad,FORTALECIMIENTO DEL SISTEMA DE SEÑALIZACIÓN PARA LA MOVILI,3,274776.17,35.74084601579348,17.69331015859199,0,-7.957784121192823,2024110010124,2.242355648170913,4.9624367363402655,232.0,<25% en Q4
8001,Secretaría Distrital de Movilidad,CONSOLIDACIÓN DE LAS INTERVENCIONES EN EL ESPACIO PÚBLICO ,7,282695.85000000003,17.456612856796085,8.689766758160758,1,-26.24201728019022,2024110010127,4.517107900800625,2.1790616490146686,688.0,<25% en Q4
8002,Instituto Distrital de las Artes,CONSOLIDACIÓN DE LA RED DE ESCENARIOS CULTURALES EN BOGOTÁ,1,83063.06,20.022346368715084,32.892082232462904,0,-23.67628376827122,2024110010087,5.671792315960723,21.005620859748326,326.0,<25% en Q4
8004,Secretaría Distrital de Gobierno,IMPLEMENTACIÓN DE LA ESTRATEGIA DE PARTICIPACIÓN CIUDADANA,2,4054.79,9.409263118435232,15.3023954384814,0,-34.28936701855107,2024110010145,7.062151509571164,38.91952427577057,61.0,25-50%
8007,Secretaría Distrital de Ambiente,FORTALECIMIENTO INSTITUCIONAL PARA LA GESTIÓN AMBIENTAL BO,9,35825.4,7.967091253691514,8.808610650544027,1,-35.73153888329479,2024110010048,10.51351417807953,93.97872981838546,69.0,>75% en Q4
8009,Secretaría Distrital de Movilidad,FORTALECIMIENTO DE LAS INTERVENCIONES DE CONTROL Y PREVENC,2,198304.51,19.90575534767887,11.417138218389486,0,-23.792874789307437,2024110010125,7.738434998655258,43.12856297038402,166.0,25-50%
8010,Secretaría Distrital de Gobierno,FORTALECIMIENTO DE LA CAPACIDAD INSTITUCIONAL Y DE LOS ACT,4,9841.36,21.012314761374448,24.137314354926552,0,-22.68631537561185,2024110010148,3.6510983580983147,1.1248696066970565,127.0,<25% en Q4
8011,Secretaría Distrital de Ambiente,FORTALECIMIENTO EN LA EVALUACIÓN  SEGUIMIENTO Y CONTROL AM,15,191325.7,19.191860043491012,12.665287517568208,0,-24.506770093495287,2024110010060,7.939235076719047,54.926644519548645,401.0,50-75%
8012,Secretaría Distrital de Movilidad,IMPLEMENTACIÓN DE ESPACIOS DE PARTICIPACIÓN CIUDADANA INCI,1,5818.48,25.000000000000004,17.817711842268086,0,-18.6986301369863,2024110010077,4.795496834908465,8.58005126859996,143.0,<25% en Q4
8017,Secretaría Distrital de Ambiente,INCORPORACIÓN DE CRITERIOS DE ECOURBANISMO  PRODUCCIÓN Y C,3,22347.44,21.76028614348484,14.283470500424208,0,-21.938343993501466,2024110010013,4.496684910043819,13.797750284267238,66.0,<25% en Q4
8018,Jardín Botánico José Celestino Mutis,FORTALECIMIENTO DE LA AGRICULTURA URBANA EN EL DISTRITO CA,5,11320.9,28.645826966937253,24.778153680361104,0,-15.05280317004905,2024110010002,4.679280410877955,0.5897978115375924,132.0,<25% en Q4
8019,Contraloría Distrital,IMPLEMENTACIÓN DEL CONTROL FISCAL DIGITAL AL SERVICIO DEL ,11,58104.73,12.080886960493576,18.805525815196116,9,-31.617743176492727,2024110010050,6.678027711772965,0.0,6.0,<25% en Q4
8020,Secretaría Distrital de Gobierno,FORTALECIMIENTO DE LAS RELACIONES ESTRATÉGICAS DE LOS ACTO,2,1333.51,22.00505379465792,30.071015590434268,0,-21.69357634232838,2024110010121,2.3776928970217646,2.1307243927753707,36.0,<25% en Q4
8021,Contraloría Distrital,FORTALECIMIENTO DE LA CAPACIDAD INSTITUCIONAL DE LA CONTRA,4,5073.36,22.356026873708945,26.59815191510163,0,-21.34260326327736,2024110010130,3.7653629345160313,3.4429813986893136,916.0,<25% en Q4
8023,Secretaría Distrital de Planeación,DESARROLLO DE UN MODELO DE GOBERNANZA COLABORATIVA Y MULTI,1,1684.14,22.5,29.482703338202285,0,-21.198630136986303,2024110010153,3.953023052638561,8.779211145439339,8.0,<25% en Q4
8024,Instituto Distrital de las Artes,FORTALECIMIENTO Y POSICIONAMIENTO DEL SECTOR ARTÍSTICO MED,3,7591.19,16.702266047879185,20.284830178140712,0,-26.99636408910712,2024110010089,6.915488001833791,40.13932612263014,27.0,25-50%
8025,Instituto Distrital de la Participación y Acción Comunal,IMPLEMENTACIÓN DEL APROVECHAMIENTO EN BIENES FISCALES Y EN,3,1458.81,17.149457434484273,28.732322920736767,0,-26.54917270250203,2024110010079,6.923880845102421,19.525039045998444,30.0,<25% en Q4
8026,Departamento Administrativo de la Defensoría del Espacio Público,FORTALECIMIENTO DEL PROCESO DE ACTUALIZACIÓN DEL INVENTARI,6,29218.79,37.629810785305445,21.1395475308868,0,-6.068819351680858,2024110010059,3.2976788196396174,1.457684430998913,126.0,<25% en Q4
8027,"Secretaría Distrital de Cultura, Recreación y Deporte",FORTALECIMIENTO DE LA GOBERNANZA TERRITORIAL  LA PARTICIPA,2,19141.160000000003,18.010253464672772,14.08843560160408,0,-25.68837667231353,2024110010217,5.313425728934902,29.79857416853072,83.0,25-50%
8028,Instituto Distrital de las Artes,IMPLEMENTACIÓN DE PROCESOS DE FORMACIÓN ARTÍSTICA CON LAS ,5,85851.40999999999,23.50932826662855,29.35651260707309,0,-20.189301870357752,2024110010086,3.106688757991468,1.4700456977405336,940.0,<25% en Q4
8031,Secretaría de Educación del Distrito,IMPLEMENTACIÓN DEL PROGRAMA DE CONVIVENCIA Y SALUD MENTAL ,5,124764.30999999998,33.38455746715681,21.9868085672898,0,-10.314072669829493,2024110010143,4.964930828187007,20.32302347414014,515.0,<25% en Q4
8034,Secretaría Distrital de Planeación,FORTALECIMIENTO DE LOS PROCESOS DE INFORMACIÓN PARA LA TOM,5,53719.350000000006,24.5901927517738,59.072810821426536,0,-19.1084373852125,2024110010157,8.317925083114218,41.01845083724992,122.0,25-50%
8036,"Secretaría Distrital de Cultura, Recreación y Deporte",FORTALECIMIENTO INSTITUCIONAL PARA UNA GOBERNANZA PÚBLICA ,3,22846.46,18.899453131907528,18.766758613807127,0,-24.79917700507877,2024110010163,3.2668281851543206,5.030129805171001,184.0,<25% en Q4
8037,Secretaría Distrital de Gobierno,IMPLEMENTACION DE ACCIONES ORIENTADAS A LA GESTION PUBLICA,3,9695.18,19.260529201108177,29.29713527752966,0,-24.43810093587813,2024110010173,3.421237092828712,0.747548158391122,73.0,<25% en Q4
8042,Secretaría de Educación del Distrito,CONSOLIDACIÓN DE LAS TRAYECTORIAS EDUCATIVAS EN CONDICIONE,3,33505.42,23.454497521181185,24.281444614035586,0,-20.24413261580512,2024110010138,7.125813290186228,33.26872274337563,454.0,25-50%
8043,Secretaría Distrital de Planeación,CONTRIBUCIÓN A LA CONCRECIÓN DEL MODELO DE ORDENAMIENTO TE,1,1149.26,22.0,32.44261524807267,0,-21.698630136986303,2024110010156,3.7873490530173166,1.0051514782318978,272.0,<25% en Q4
8044,Contraloría Distrital,FORTALECIMIENTO DE LA GESTIÓN Y LA INFRAESTRUCTURA DE TI Q,1,3157.55,33.333333333333336,28.949343636680336,0,-10.365296803652967,2024110010044,8.597176855885897,46.442132880128554,29.0,25-50%
8045,Secretaría Distrital de Planeación,IMPLEMENTACIÓN DE RETOS Y USO DE METODOLOGÍAS DE INNOVACIÓ,4,3819.0100000000007,22.25421247915035,22.703789725609514,0,-21.444417657835952,2024110010160,8.448260261302295,66.01292437808142,18.0,50-75%
8047,Secretaría Distrital de Integración Social,GENERACIÓN DE RESPUESTAS INTEGRADORAS PARA LA INCLUSIÓN SO,4,13731.22,18.467008007777277,18.35816482439288,1,-25.23162212920903,2024110010103,5.656967475115008,10.706618117743968,1046.0,<25% en Q4
8050,Instituto Distrital de las Artes,IMPLEMENTACIÓN DE PRÁCTICAS ARTÍSTICAS Y CREATIVAS PARA LA,4,23185.27,16.06198879153389,16.660276114964375,0,-27.63664134545241,2024110010182,6.033691817079502,6.413169304706514,143.0,<25% en Q4
8051,Contraloría Distrital,FORTALECIMIENTO DEL CONTROL SOCIAL COMO INSUMO PARA EL CON,3,3350.5200000000004,20.980191095679448,24.792271050463807,0,-22.71843904130685,2024110010196,5.497538444728421,5.473085508566442,36.0,<25% en Q4
8052,Secretaría Distrital de Planeación,FORTALECIMIENTO DEL MODELO DE OPERACIÓN DE LA SDP A TRAVÉS,2,21255.61,17.739030425379465,28.74718721316396,0,-25.95959971160684,2024110010162,4.742568497335304,5.336970436453132,205.0,<25% en Q4
8053,Secretaría de Educación del Distrito,FORTALECIMIENTO DE LA ATENCIÓN INTEGRAL A LA PRIMERA INFAN,1,1019.47,22.0,21.75542193492697,0,-21.698630136986303,2024110010139,1.6303562430046257,1.198513017691188,29.0,<25% en Q4
8054,Secretaría Distrital de Ambiente,FORTALECIMIENTO DE LA PLANEACIÓN Y GESTIÓN DEL CONOCIMIENT,7,31052.64,19.467992535558555,19.84320817811304,0,-24.23063760142775,2024110010058,2.5616346556349407,6.483626308120069,107.0,<25% en Q4
8055,Unidad Administrativa Especial de Rehabilitación y Mantenimiento Vial,CONSERVACIÓN DE LA RED DE INFRAESTRUCTURA PEATONAL EN BOGO,1,26546.5,21.71223880597015,15.297383835910573,0,-21.986391331016154,2024110010142,8.50187470486397,38.63139911953255,11.0,25-50%
8057,Secretaría Distrital de Planeación,IMPLEMENTACIÓN DEL MODELO COLABORATIVO PARA LA PARTICIPACI,3,11823.18,22.69096638975301,28.76967110371321,0,-21.00766374723329,2024110010158,5.875255132686103,10.096897540649282,115.0,<25% en Q4
8061,Secretaría Distrital de Ambiente,FORTALECIMIENTO DE LA GESTIÓN DE TI EN LA SECRETARÍA DISTR,3,25135.0,24.473072475300047,17.297115575890192,0,-19.225557661686256,2024110010067,6.579996597056796,47.31018230259243,41.0,25-50%
8068,Instituto Distrital de las Artes,IMPLEMENTACIÓN DEL ECOSISTEMA SOSTENIBLE PARA LAS ARTES EN,4,6971.6,10.53039362875412,31.588731424637096,0,-33.168236508232184,2024110010176,4.970345320377355,22.444776376386855,10.0,<25% en Q4
8070,Secretaría Distrital de Desarrollo Económico,FORTALECIMIENTO DE LA ARTICULACIÓN DEL ECOSISTEMA CTEI  EN,3,56173.93,25.935213074819583,47.69381455062874,1,-17.763417062166717,2024110010275,8.828278551508896,73.83545671946042,8.0,50-75%
8072,Instituto Distrital de Turismo,DESARROLLO DE ACCIONES DE MARKETING QUE PERMITAN EL POSICI,1,11756.69,21.2972,17.52984896259066,0,-22.401430136986303,2024110010111,5.135883498872324,1.7472269362712276,65.0,<25% en Q4
8073,Jardín Botánico José Celestino Mutis,INVESTIGACIÓN FORTALECIMIENTO DEL TROPICARIO DEL JARDÍN BO,3,5991.8,19.282252411629223,18.62862578857772,0,-24.41637772535708,2024110010008,5.608328656302432,14.082692517612493,75.0,<25% en Q4
8074,Secretaría Distrital de Planeación,FORTALECIMIENTO DE LA INFORMACIÓN OPORTUNA  CLARA Y CONFIA,1,619.01,0.0,0.0,1,-43.6986301369863,2024110010211,3.1742837717638044,2.6184990664321273,24.0,<25% en Q4
8077,Instituto Distrital de las Artes,FORTALECIMIENTO DE LAS PRÁCTICAS ARTÍSTICAS EN EL ESPACIO ,6,134155.24,13.543703579886932,34.8535249163581,0,-30.154926557099373,2024110010146,5.781122745206847,13.57115022858852,244.0,<25% en Q4
8078,Instituto Distrital de Turismo,DESARROLLO DE ESTRATEGIAS DE MERCADEO Y FORTALECIMIENTO DE,1,380.01,0.0,6.0051051288124,1,-43.6986301369863,2024110010112,5.624831584819759,2.584641332762905,14.0,<25% en Q4
8080,Instituto Distrital de la Participación y Acción Comunal,FORMACIÓN EN CAPACIDADES DEMOCRÁTICAS EN INTERRELACIÓN CON,2,14378.95,26.23716476342153,28.800851244353723,0,-17.461465373564774,2024110010212,6.5969504728516775,13.284889410457264,241.0,<25% en Q4
8081,Unidad Administrativa Especial de Rehabilitación y Mantenimiento Vial,CONSERVACIÓN DE LA RED VIAL Y RED DE CICLOINFRAESTRUCTURA ,6,520121.77,29.103963665328187,9.61249901152955,1,-14.594666471658115,2024110010131,7.533144042080993,43.15055549788274,465.0,25-50%
8082,Secretaría Distrital de Hacienda,FORTALECIMIENTO INSTITUCIONAL DE LA SECRETARÍA DISTRITAL D,7,22938.54,8.650941908246994,1.9669516891659196,3,-35.04768822873931,2024110010199,7.691887472878162,66.98704884718161,6.0,50-75%
8083,Instituto Distrital de Turismo,FORTALECIMIENTO DEL FONDO DE DESARROLLO TURÍSTICO DE BOGOT,5,46.8,0.0,100.0,5,-43.6986301369863,2024110010132,6.034623441200933,0.0,12.0,<25% en Q4
8084,Secretaría Distrital del Hábitat,ASISTENCIA TÉCNICA PARA LA HABILITACIÓN DE SUELO Y LA GEST,6,21961.66,11.040218995032456,31.4720289814158,0,-32.65841114195385,2024110010215,2.983945802352479,1.3167870161050867,81.0,<25% en Q4
8085,Secretaría Distrital del Hábitat,DESARROLLO DE ESTRATEGIAS QUE PROMUEVAN LA PARTICIPACIÓN C,4,15720.67,30.25403310354979,21.361875797914465,0,-13.444597033436512,2024110010209,5.17332505630025,37.46322048484354,61.0,25-50%
8086,Secretaría Distrital de Ambiente,INCREMENTO DE LAS ACCIONES QUE CONTRIBUYEN A LA ADAPTACIÓN,3,41504.81,22.16288668696472,11.846940149828418,1,-21.535743450021585,2024110010074,9.663648969434664,73.26332484666791,223.0,50-75%
8087,Jardín Botánico José Celestino Mutis,INVESTIGACIÓN PARA LA CONSERVACIÓN DE LOS ECOSISTEMAS Y LA,8,16756.760000000002,19.646013759934192,24.05369534444606,0,-24.05261637705211,2024110010006,4.2285205980701965,3.485829601367292,160.0,<25% en Q4
8088,Secretaría Distrital de Hacienda,FORTALECIMIENTO DE LA CAPACIDAD INSTITUCIONAL PARA RESPOND,4,36222.62,0.5567349077998817,3.3252702316950016,2,-43.14189522918642,2024110010219,9.734378938201623,66.57306203740902,104.0,50-75%
8089,Unidad Administrativa Especial de Rehabilitación y Mantenimiento Vial,FORTALECIMIENTO DE LOS COMPONENTES TECNOLÓGICOS PARA GARAN,2,9718.97,13.7027498798741,14.391957172416417,0,-29.995880257112205,2024110010161,8.202717512946855,39.96104963213454,66.0,25-50%
8090,Secretaría Distrital del Hábitat,SUBSIDIO DISTRITAL DE VIVIENDA PARA EL ACCESO A SOLUCIONES,9,1172209.27,15.2997240152375,35.26881339199783,4,-28.3989061217488,2024110010222,10.863726207887101,98.28316161988444,281.0,>75% en Q4
8091,Secretaría Distrital del Hábitat,MEJORAMIENTO DE LA PRESTACIÓN Y ACCESO DE LOS SERVICIOS PÚ,3,7917.98,19.25300139682091,21.192400081839057,0,-24.445628740165397,2024110010218,2.2298198163898357,2.099507578334159,28.0,<25% en Q4
8094,Secretaría General,FORTALECIMIENTO DE CAPACIDADES INSTITUCIONALES Y DE LA SOC,2,11376.93,0.0,18.57320032732908,2,-43.6986301369863,2024110010220,6.081582176984144,35.65840814348482,481.0,25-50%
8095,Unidad Administrativa Especial de Rehabilitación y Mantenimiento Vial,FORTALECIMIENTO DE LA GESTIÓN INSTITUCIONAL DE LA UAERMV D,2,99727.1,11.951368384320809,15.553465407095963,0,-31.74726175266549,2024110010179,7.762790450593877,23.954327709272647,284.0,<25% en Q4
8096,Jardín Botánico José Celestino Mutis,CONSOLIDACIÓN DE ACCIONES Y PROCESOS DE EDUCACIÓN AMBIENTA,7,20456.41,21.11453804705143,22.498278045854576,0,-22.584092089934877,2024110010007,4.198988444291217,5.640268213619386,227.0,<25% en Q4
8097,Instituto Distrital de Turismo,IMPLEMENTACIÓN DE 10 PRODUCTOS QUE APORTEN A MANTENER LA C,1,7758.31,20.0,12.18216338352038,0,-23.698630136986303,2024110010126,5.420588719196444,0.0,16.0,<25% en Q4
8101,Instituto Distrital de Turismo,IMPLEMENTACIÓN DE UN MODELO DE GESTIÓN DE INFORMACIÓN ESTA,1,8080.7,21.666666666666668,13.308624252849382,0,-22.031963470319635,2024110010128,5.642834010019975,9.57656363443706,42.0,<25% en Q4
8102,Secretaría de Educación del Distrito,FORTALECIMIENTO DE LOS APRENDIZAJES DE LOS ESTUDIANTES MAT,1,17443.92,13.552083333333334,60.17007645070604,0,-30.146546803652967,2024110010240,5.388057691042959,20.150251275428147,992.0,<25% en Q4
8110,Secretaría General,FORTALECIMIENTO DE LAS TECNOLOGÍAS DE LA INFORMACIÓN Y LAS,2,41316.05,8.025051390440277,25.307380545816944,1,-35.67357874654603,2024110010184,7.637668066135052,39.38657461727561,85.0,25-50%
8112,Secretaría General,FORTALECIMIENTO DE LA INTERNACIONALIZACIÓN DE BOGOTÁ D.C.,1,2000.1,32.857142857142854,22.38538073096345,0,-10.841487279843449,2024110010201,4.939353602769715,11.828217001955315,19.0,<25% en Q4
8115,Secretaría General,FORTALECIMIENTO DE LA CULTURA EN LOS ACTORES PÚBLICOS Y PR,1,2718.71,18.0,11.967440440503031,0,-25.698630136986303,2024110010231,5.168865281827982,7.286858261984464,20.0,<25% en Q4
8116,Secretaría General,FORTALECIMIENTO DE LA COMUNICACIÓN PÚBLICA PARA QUE LA CIU,3,60201.8,19.157173397283326,19.02541120032956,1,-24.541456739702976,2024110010235,4.381814676918842,8.391361047080117,250.0,<25% en Q4
8117,Secretaría General,FORTALECIMIENTO DEL ECOSISTEMA DE INNOVACIÓN PÚBLICA DE BO,3,5361.62,0.0,12.518977473226377,3,-43.6986301369863,2024110010230,7.640406497933806,54.81519123851083,30.0,50-75%
8118,Secretaría General,FORTALECIMIENTO DEL ACCESO Y DIFUSIÓN DE LA MEMORIA HISTÓR,1,3394.23,24.859,25.941966219142486,0,-18.8396301369863,2024110010225,6.669297495048065,30.463107441243725,79.0,25-50%
8121,Secretaría Distrital de Ambiente,MEJORAMIENTO DE LA CALIDAD DEL AIRE  AUDITIVA Y VISUAL  CO,19,74311.10999999999,20.33205449208617,16.23846017102961,1,-23.36657564490013,2024110010078,4.850197982887388,16.35370312987734,185.0,<25% en Q4
8123,Secretaría Distrital de Planeación,DESARROLLO DE LAS ACCIONES REQUERIDAS PARA IMPLEMENTAR EL ,2,3546.48,17.00537011346462,29.946594933567933,0,-26.693260023521685,2024110010164,4.589263746085845,0.0,27.0,<25% en Q4
8125,Secretaría Distrital del Hábitat,IMPLEMENTACIÓN DE LAS ESTRATEGIAS DE GENERACIÓN Y DIFUSIÓN,6,9751.41,23.549111163948407,24.460052443697887,0,-20.149518973037896,2024110010213,2.8341260403316118,1.7613462180506108,15.0,<25% en Q4
8128,Orquesta Filarmónica de Bogotá,FORTALECIMIENTO CIUDAD CREATIVA DE LA MÚSICA BOGOTÁ D.C.,2,42031.73,20.59992209521593,22.35632461476128,0,-23.09870804177037,2024110010171,4.809274544964669,0.7804074822921503,62.0,<25% en Q4
8130,Secretaría Distrital de Planeación,ASISTENCIA TÉCNICA PARA EL FORTALECIMIENTO DE LA PP LGBTI ,3,2953.36,18.75,37.53284394723298,0,-24.948630136986303,2024110010243,4.041263024232738,0.0,15.0,<25% en Q4
8131,Instituto Distrital de la Participación y Acción Comunal,IMPLEMENTACIÓN DE MECANISMOS DE PARTICIPACIÓN QUE POTENCIA,4,27910.78,8.807359283163471,19.382403501442813,1,-34.89127085382283,2024110010238,6.543234158144896,16.884388027852737,425.0,<25% en Q4
8132,Secretaría Distrital del Hábitat,IMPLEMENTACIÓN DE ACCIONES Y ESTRATEGIAS QUE GARANTICEN EL,1,5795.41,34.0,17.39169446165155,0,-9.698630136986305,2024110010226,3.1022156300612935,1.8559037242622767,181.0,<25% en Q4
8133,Secretaría Distrital de Planeación,FORTALECIMIENTO PARA EL DESARROLLO DE MECANISMOS E INSTRUM,4,6448.99,19.892662512679824,26.98205455427904,0,-23.80596762430648,2024110010239,5.894746132519635,26.43196551464357,102.0,25-50%
8134,Secretaría Distrital de Planeación,ASISTENCIA TÉCNICA PARA GENERAR INFORMACIÓN CUALITATIVA Y ,3,16384.15,18.92032772527107,16.15750588220933,0,-24.778302411715234,2024110010185,8.631196448344411,65.29690850603386,35.0,50-75%
8135,Orquesta Filarmónica de Bogotá,"CONSOLIDACIÓN PROGRAMA DE FORMACIÓN MUSICAL ""VAMOS A LA FI",5,66124.15,24.08519736008113,19.420166459606666,1,-19.61343277690517,2024110010170,3.5438657428571596,2.388589125388072,528.0,<25% en Q4
8136,Instituto Distrital del Patrimonio Cultural,DESARROLLO DE ACCIONES PARA LA GESTIÓN DEL PATRIMONIO ARQU,2,6366.01,23.70066965022047,26.64997384546993,0,-19.997960486765837,2024110010136,7.076920761039806,37.884500150881465,44.0,25-50%
8137,Orquesta Filarmónica de Bogotá,IMPLEMENTACIÓN PROGRAMA DE FOMENTO DE LA ORQUESTA FILARMÓN,1,6666.63,27.727272727272727,37.50680628743458,0,-15.971357409713576,2024110010172,3.8964074790608767,0.0,5.0,<25% en Q4
8144,Instituto Distrital del Patrimonio Cultural,DESARROLLO DE PROCESOS DE VALORACIÓN  IDENTIFICACIÓN  DOCU,2,1919.32,21.73186336827626,22.62155346685284,0,-21.96676676871004,2024110010241,6.286596636550778,17.375288173191542,19.0,<25% en Q4
8146,Instituto Distrital de la Participación y Acción Comunal,CONSTRUCCIÓN DE CIUDADANÍA ACTIVA CRECE LA PARTICIPACIÓN E,5,29034.53,11.535446762601836,17.39446100901237,0,-32.16318337438447,2024110010254,7.426864718515184,35.68510626127629,355.0,25-50%
8148,Secretaría Distrital del Hábitat,FORTALECIMIENTO EN LA GESTIÓN PÚBLICA INTEGRAL EN LA SDHT ,1,6860.59,19.0,27.386128598269245,0,-24.698630136986303,2024110010250,4.083248686103681,2.116571042356065,324.0,<25% en Q4
8150,Instituto Distrital del Patrimonio Cultural,CONSOLIDACIÓN DE ESTRATEGIAS Y MECANISMOS QUE APORTEN AL R,3,23436.88,19.580803986423675,24.276140851512658,0,-24.117826150562628,2024110010228,5.580969797282624,16.99922786549199,168.0,<25% en Q4
8151,Instituto Distrital del Patrimonio Cultural,DESARROLLO DE PROCESOS PEDAGÓGICOS EN PATRIMONIO CULTURAL ,3,2333.14,24.944410380159628,27.76087161507668,0,-18.754219756826675,2024110010206,5.61847092252141,14.99005286774471,24.0,<25% en Q4
8152,Instituto Distrital del Patrimonio Cultural,DESARROLLO ACCIONES DE INTERVENCIÓN PARA LA PROTECCIÓN Y C,1,31729.33,23.37198929527208,12.344445974749544,0,-20.326640841714223,2024110010244,4.893577869048508,16.01312051440515,92.0,<25% en Q4
8154,Instituto Distrital de Recreación y Deporte,IMPLEMENTACIÓN DE LOS PROGRAMAS DE BOGOTÁ DEPORTIVA DESDE ,5,234045.67,29.111982968768704,21.23300977967249,1,-14.5866471682176,2024110010252,5.031148312571445,18.330861643539915,843.0,<25% en Q4
8155,Instituto Distrital de Recreación y Deporte,DESARROLLO DE PROGRAMAS RECREATIVOS Y DE ACTIVIDAD FÍSICA ,9,226570.22,19.632989930244797,14.339616212580808,2,-24.06564020674151,2024110010258,7.0034825076963605,43.35604013615997,1397.0,25-50%
8156,Secretaría Distrital de Desarrollo Económico,DISEÑO DE LA ESTRATEGIA PARA INCREMENTAR LA PRODUCTIVIDAD ,2,2921.7200000000003,21.152654942978792,11.147885492107388,0,-22.54597519400751,2024110010268,5.537995263604719,4.223607138309977,9.0,<25% en Q4
8157,Secretaría Distrital de Desarrollo Económico,MEJORAMIENTO DE LAS CAPACIDADES DE INNOVACIÓN  PRODUCTIVID,9,95124.92,4.94594247578167,21.428717101680608,2,-38.75268766120463,2024110010270,8.389077028798594,36.52530801292573,162.0,25-50%
8158,Secretaría Distrital de Desarrollo Económico,GENERACIÓN Y ARTICULACIÓN DE LA INFORMACIÓN SOBRE EL DESAR,5,23334.29,25.6855715033696,18.410202324561837,0,-18.0130586336167,2024110010267,5.186258571179551,11.230342497118718,163.0,<25% en Q4
8159,Instituto Distrital de Recreación y Deporte,FORMACIÓN INTEGRAL DE LA PRIMERA INFANCIA  INFANCIA  ADOLE,5,84747.46999999999,24.9948969450353,17.626201702540502,1,-18.703733191951,2024110010245,6.76547282893598,38.69496380059311,1282.0,25-50%
8160,Secretaría Distrital de Desarrollo Económico,FORTALECIMIENTO DE LA CAPACIDAD ADMINISTRATIVA Y TÉCNICA D,1,17605.61,18.0,24.608406070565007,0,-25.698630136986303,2024110010269,4.449621175476597,12.176490462246228,357.0,<25% en Q4
8161,Instituto Distrital del Patrimonio Cultural,MEJORAMIENTO DE LA CAPACIDAD INSTITUCIONAL PARA LA ATENCIÓ,1,11203.42,25.91428571428571,26.699882714385428,0,-17.784344422700592,2024110010259,4.235042171634292,3.1297460208486174,95.0,<25% en Q4
8163,Secretaría Distrital de Desarrollo Económico,FORTALECIMIENTO DE LA RUTA INTEGRAL DE EMPLEO Y FORMACIÓN ,5,212602.91000000003,18.596242756113515,10.62526378401876,0,-25.102387380872788,2024110010271,6.938312839573121,3.38937339544286,487.0,<25% en Q4
8164,Secretaría Distrital de Desarrollo Económico,FORTALECIMIENTO DE LOS NEGOCIOS LOCALES DE LA CIUDAD DE BO,8,135865.09,21.372638389849705,30.531058419789808,1,-22.3259917471366,2024110010266,7.085172904408366,9.035392996242416,368.0,<25% en Q4
8167,Instituto Distrital de Recreación y Deporte,FORTALECIMIENTO DE LA ECONOMÍA DEL DEPORTE Y LA RECREACIÓN,1,3123.54,16.788856304985337,23.11479923420222,0,-26.909773832000965,2024110010253,5.840260249757058,11.554789091654447,53.0,<25% en Q4
8168,Instituto Distrital de Recreación y Deporte,FORTALECIMIENTO DE LA GESTIÓN RECREODEPORTIVA  LA PARTICIP,3,15535.71,3.175558117395343,9.51311526798582,1,-40.52307201959096,2024110010247,3.446585598592681,0.0,41.0,<25% en Q4
8169,Instituto Distrital de Recreación y Deporte,CONSTRUCCIÓN Y ADECUACIÓN DE PARQUES Y ESCENARIOS RECREODE,3,190667.84,5.095943290698631,1.5990583414591577,1,-38.60268684628768,2024110010249,6.405995208388463,1.0236754864244226,176.0,<25% en Q4
8171,Instituto Distrital del Patrimonio Cultural,IMPLEMENTACIÓN DE PROCESOS DE VALORACIÓN PARA EL INVENTARI,1,2337.08,4.0,13.331593270234652,0,-39.6986301369863,2024110010260,8.310235545790436,40.33664333305986,10.0,25-50%
8172,Secretaría Distrital de Desarrollo Económico,FORTALECIMIENTO DE LOS SISTEMAS PRODUCTIVOS ACORDE A LA VO,2,13387.45,1.581312049718206,24.946050218674955,1,-42.117318087268096,2024110010265,6.594382564677976,7.189309904799925,62.0,<25% en Q4
8175,Secretaría Jurídica Distrital,FORTALECIMIENTO ESTRATÉGICO INSTITUCIONAL Y MEJORA DE LA G,2,1018.96,27.68680811808118,33.879641987909245,1,-16.01182201890512,2024110010181,5.76671625658767,1.6630578161970047,62.0,<25% en Q4
8178,Secretaría Distrital de Desarrollo Económico,CONSOLIDACIÓN DEL SISTEMA DE ABASTECIMIENTO Y DISTRIBUCIÓN,2,19228.76,17.008544237159036,20.52311225476837,0,-26.690085899827267,2024110010273,5.737588685021948,7.547342130594654,136.0,<25% en Q4
8181,Secretaría Distrital de la Mujer,PRODUCCIÓN DE INFORMACIÓN SOBRE LOS DERECHOS DE LAS MUJERE,2,12070.3,15.47349071688359,17.91877583821446,0,-28.225139420102717,2024110010317,6.097148726573393,7.030679713313076,60.0,<25% en Q4
8187,Secretaría Jurídica Distrital,FORTALECIMIENTO DEL MODELO DE GESTIÓN JURÍDICA Y PREVENCIÓ,2,6760.18,17.5,24.13530408953608,0,-26.198630136986303,2024110010274,5.266567398238545,4.441498874869176,53.0,<25% en Q4
8190,Secretaría Distrital de la Mujer,DESARROLLO DE CAPACIDADES DIGITALES PARA POTENCIAR LA INCL,2,4505.99,19.421167950090567,25.90573880545674,0,-24.277462186895736,2024110010313,6.852855904480604,44.54201398444182,54.0,25-50%
8193,Secretaría Jurídica Distrital,FORTALECIMIENTO INSTITUCIONAL PARA OPTIMIZAR LA GESTIÓN JU,4,5386.92,12.669065068722016,32.0580220237167,2,-31.029565068264287,2024110010287,3.485500821595222,0.6991895495974931,33.0,<25% en Q4
8195,Secretaría Jurídica Distrital,FORTALECIMIENTO DE LA CAPACIDAD INSTITUCIONAL Y OPERATIVA ,2,4849.4400000000005,20.015232171137285,34.145385858985776,0,-23.683397965849014,2024110010278,4.817610588943131,6.872228440282775,57.0,<25% en Q4
8196,Instituto para la Investigación Educativa y el Desarrollo Pedagógico,GENERACIÓN Y DIVULGACIÓN DE CONOCIMIENTO PARA EL DESARROLL,2,4299.09,22.99290663838161,21.079344698529223,1,-20.70572349860469,2024110010307,5.6302363535697175,10.539629713159226,225.0,<25% en Q4
8198,Secretaría Distrital de la Mujer,IMPLEMENTACIÓN DE LA ESTRATEGIA DE TRANSFORMACIÓN CULTURAL,5,7514.489999999999,26.301481833394185,22.915061434641608,0,-17.397148303592118,2024110010289,3.4909688262722303,2.9174559416200907,52.0,<25% en Q4
8199,Personería Distrital,MODERNIZACIÓN INSTITUCIONAL DE LA PERSONERÍA DE BOGOTÁ D.C,4,12893.240000000002,8.557952519899073,20.00125647238397,2,-35.14067761708723,2024110010285,4.709815248880497,1.4924474647882717,45.0,<25% en Q4
8201,Personería Distrital,FORTALECIMIENTO DE LA GESTIÓN DE LA POTESTAD DISCIPLINARIA,6,5709.03,10.242960651945094,29.289914398768268,1,-33.45566948504121,2024110010272,5.362947653317857,15.5279475012405,71.0,<25% en Q4
8204,Personería Distrital,FORTALECIMIENTO DEL EJERCICIO DE PREVENCIÓN Y CONTROL A LA,6,17034.809999999998,19.187224660940476,14.37849908510867,0,-24.51140547604583,2024110010288,5.443369799697116,22.28675100284979,130.0,<25% en Q4
8205,Secretaría Distrital de la Mujer,FORTALECIMIENTO DE LA ESTRATEGIA DE ACOGIDA  ATENCIÓN Y PR,6,60991.66,21.334204020900263,21.700475114138555,0,-22.36442611608604,2024110010298,7.591537029130179,33.38637346723299,290.0,25-50%
8208,Unidad Administrativa Especial de Rehabilitación y Mantenimiento Vial,FORTALECIMIENTO DE LA ATENCIÓN Y PARTICIPACIÓN CIUDADANA C,1,1332.2,23.0,15.512685782915478,0,-20.698630136986303,2024110010301,6.826646102483835,23.97239808940201,11.0,<25% en Q4
8209,Personería Distrital,FORTALECIMIENTO DEL EJERCICIO DE PROTECCIÓN DE LOS DERECHO,13,25019.15,16.845268471830288,7.671643521062866,1,-26.85336166515601,2024110010286,5.220258424948185,12.226561789173726,112.0,<25% en Q4
8210,Secretaría Distrital de la Mujer,CONSOLIDACIÓN DE LA ESTRATEGIA DE JUSTICIA DE GÉNERO COMO ,4,35792.7,27.31304878722123,29.070201465661995,0,-16.385581349765072,2024110010300,3.921956842560028,1.764160868228767,287.0,<25% en Q4
8214,"Secretaría Distrital de Seguridad, Convivencia y Justicia",FORTALECIMIENTO DE LAS CAPACIDADES DEL SISTEMA DE OPERACIÓ,5,410417.02,11.000405002697011,11.601402397980474,4,-32.69822513428929,2024110010296,9.517441918961689,90.82500172026832,224.0,>75% en Q4
8219,Secretaría Distrital de la Mujer,FORTALECIMIENTO A LA IMPLEMENTACIÓN  SEGUIMIENTO Y COORDIN,1,30483.2,0.0,17.715790993071593,1,-43.6986301369863,2024110010309,5.649768308320049,3.1211483350082796,323.0,<25% en Q4
8223,Secretaría Distrital de la Mujer,IMPLEMENTACIÓN DE ESTRATEGIAS DE PARTICIPACIÓN  TERRITORIA,1,1697.89,22.5,32.61636501775733,0,-21.198630136986303,2024110010310,5.123133684366618,5.52483862353016,252.0,<25% en Q4
8224,"Secretaría Distrital de Seguridad, Convivencia y Justicia",DESARROLLO DE LAS ESTRATEGIAS PARA LA IMPLEMENTACIÓN DEL S,1,6832.53,24.75,16.651957620383666,0,-18.948630136986303,2024110010293,4.4477007990963235,2.5473697670657063,116.0,<25% en Q4
8230,"Secretaría Distrital de Seguridad, Convivencia y Justicia",FORTALECIMIENTO DE LA GESTIÓN ADMINISTRATIVA Y OPERATIVA D,1,87692.39,35.0,0.2151497980611544,0,-8.698630136986303,2024110010314,7.828009443102603,47.60736888025354,413.0,25-50%
8232,Secretaría Distrital de la Mujer,IMPLEMENTACIÓN DE ESTRATEGIAS PARA EL EMPODERAMIENTO ECONÓ,1,1996.62,28.822222222222223,24.008073644459134,0,-14.87640791476408,2024110010318,3.378325495206539,0.7755189352642031,46.0,<25% en Q4
8234,"Secretaría Distrital de Seguridad, Convivencia y Justicia",IMPLEMENTACIÓN DE UN MODELO DE GESTIÓN CARCELARIO Y DE DET,1,1565.43,25.672727272727272,0.889851350747079,0,-18.02590286425903,2024110010305,8.40634884634432,50.01805260578526,240.0,50-75%
8238,Instituto Distrital de la Participación y Acción Comunal,IMPLEMENTACIÓN DE ACCIONES DE INNOVACIÓN SOCIAL QUE PROMUE,2,1564.33,4.022392973349613,24.266618935902272,1,-39.67623716363669,2024110010322,6.626749005642402,13.346117490125987,26.0,<25% en Q4
8239,Instituto Distrital de Turismo,APOYO A PROYECTOS TURÍSTICOS QUE CONTRIBUYAN AL DESARROLLO,2,4993.629999999999,4.498511103145408,6.132012183521807,1,-39.20011903384089,2024110010324,4.600785258714096,2.125551687471871,11.0,<25% en Q4
