cod_localidad,localidad,3omas_sem_2017,3omas_sem_2021,nada_2017,nada_2021,delta_nada,delta_3omas,c_nivel,c_deficit,c_deterioro,indice_riesgo,rank_riesgo,comprometido_af_directa,comprometido_af_infra,girado_af_directa,girado_af_infra,programado_af_directa,programado_af_infra,af_total_programado,af_total_girado,pct_girado_af,pct_comprometido_af,poblacion_total,poblacion_15_mas,poblacion_45_mas,poblacion_60_mas,pct_45_mas,pct_60_mas,anio,pct_comprometido,pct_girado,concentracion_diciembre,sesiones,escenarios,disciplinas,sesiones_barrera_alta,sesiones_base,af_pc,af_directa_pc,af_pc_45mas,rank_inversion,brecha_rank,diagnostico,sesiones_pc_100k,hab15_por_sesion,brecha_servicio
4.0,San Cristóbal,10.6,12.4,56.3,55.4,-0.8999999999999986,1.8000000000000007,100.0,95.0,75.0,93.25,1,4236.95,0.0,526.89,0.0,17274.14,8612.4,25886.54,526.89,2.0353820943239227,16.367386294189952,401380,323941,126098,58696,31.41611440530171,14.623548756789075,2025,99.73660345193504,50.48995508714805,10.189131806961198,10,2,2,4,6,64493.84623050476,43036.87278887837,205289.0608891497,9,8,atendida_lenta,3.086981888677259,32394.1,con_oferta
14.0,Los Mártires,17.0,14.0,49.3,51.8,2.5,-3.0,80.0,85.0,90.0,83.75,2,1154.54,734.3199999999999,115.29,70.12,6246.92,2785.6,9032.52,185.41000000000005,2.052694043301316,20.9117721300368,83984,70042,27349,13223,32.56453610211469,15.744665650600114,2025,99.93808837143594,53.59463422376624,13.74979033662984,0,0,0,0,0,107550.48580682035,74382.26328824538,330268.74840030714,4,2,atendida_lenta,0.0,,sin_oferta
3.0,Santa Fe,16.3,13.8,46.1,50.9,4.799999999999997,-2.5,70.0,90.0,100.0,83.0,3,896.51,0.0,674.91,0.0,8258.42,3985.11,12243.53,674.91,5.512380824811145,7.3223163581091395,113358,93339,35215,16555,31.06529755288555,14.604174385574904,2025,99.94658016634637,48.53436779599105,13.243386524298517,0,0,0,0,0,108007.63951375289,72852.55562024735,347679.3979838137,3,0,atendida_lenta,0.0,,sin_oferta
5.0,Usme,10.9,10.0,57.5,53.3,-4.200000000000003,-0.9000000000000004,92.5,100.0,25.0,81.625,4,956.3,0.0,565.44,0.0,19390.39,8318.81,27709.2,565.44,2.040621887315405,3.4512003233583077,403123,315192,112557,49878,27.921254803124604,12.372898594225584,2025,98.37115880292082,53.570970581516,10.740381424848174,4,1,1,0,4,68736.34101750582,48100.43088585866,246179.26917028707,8,4,atendida_lenta,1.2690677428361126,78798.0,oferta_insuficiente
19.0,Ciudad Bolívar,11.7,14.7,54.0,52.4,-1.6000000000000014,3.0,85.0,80.0,62.5,78.75,5,808.0,0.0,0.0,0.0,19932.77,13342.78,33275.55,0.0,0.0,2.4282093008229766,680144,530066,186880,80975,27.47653438095462,11.905567056388058,2025,99.28449381161052,54.501640167775776,8.635739957662025,0,0,0,0,0,48924.27191888777,29306.690936037074,178058.37970890413,11,6,desatendida,0.0,,sin_oferta
8.0,Kennedy,16.0,17.3,55.6,53.3,-2.3000000000000043,1.3000000000000007,92.5,70.0,50.0,76.125,6,1596.49,2751.5,823.14,0.0,28160.19,17902.83,46063.02,823.14,1.7869866109516916,9.43922044190763,1080345,887303,361096,162222,33.42413765972907,15.015758854810269,2025,98.99887956151596,57.132246554650486,11.306216115572449,12,3,2,4,8,42637.32418810658,26065.92338558516,127564.47039014555,15,9,desatendida,1.352412873618144,73941.91666666667,oferta_insuficiente
7.0,Bosa,13.3,16.9,55.2,50.5,-4.700000000000003,3.599999999999998,65.0,75.0,20.0,59.5,7,1423.4,4070.38,702.19,0.0,23359.18,10175.73,33534.91,702.19,2.093907513096054,16.382271489620816,767285,609143,225168,91143,29.346070886306915,11.87863701232267,2025,99.5785968689113,45.50874937433037,13.46850735147713,0,0,0,0,0,43705.93716806663,30443.941951165474,148932.84125630642,14,7,desatendida,0.0,,sin_oferta
18.0,Rafael Uribe Uribe,11.5,17.7,59.9,51.6,-8.299999999999997,6.199999999999999,75.0,65.0,5.0,57.5,8,556.0,1424.0,0.0,0.0,16519.31,7797.11,24316.42,0.0,0.0,8.14264599805399,379062,309650,122208,58116,32.23958086012315,15.331528879180714,2025,99.78519315468866,61.50992196751442,11.803263262062911,6,2,1,0,6,64148.925505590116,43579.44083025996,198975.68080649385,10,2,atendida,1.9376715646697884,51608.333333333336,con_oferta
6.0,Tunjuelito,16.0,22.4,49.8,46.8,-3.0,6.399999999999999,60.0,50.0,42.5,53.0,9,572.79,0.0,417.8200000000001,0.0,7990.11,5206.65,13196.759999999998,417.8200000000001,3.1660801590693484,4.340383548689224,177340,146156,57939,27690,32.6711401826999,15.614074658847413,2025,98.58177541364574,59.53973220066687,11.854137503067497,14,2,2,6,8,74415.02199165444,45055.31746926807,227769.89592502455,6,-3,atendida,9.578806207066423,10439.714285714286,con_oferta
10.0,Engativá,19.5,18.8,50.5,45.6,-4.899999999999999,-0.6999999999999993,55.00000000000001,60.0,15.0,48.75,10,2779.25,1884.3,492.98,487.38,15280.27,7201.3,22481.57,980.36,4.36072747588358,20.743880431838168,827215,699640,301903,149975,36.49631595171751,18.130111276995702,2025,99.99720985368454,67.98405562807125,25.673518228398645,61,12,4,29,32,27177.420622208254,18471.94502033933,74466.20272074144,19,9,desatendida,8.718769652964381,11469.508196721312,con_oferta
12.0,Barrios Unidos,24.4,22.2,37.9,40.0,2.1000000000000014,-2.1999999999999997,20.0,55.00000000000001,85.0,45.25,11,1194.04,795.02,147.81,43.82,7264.17,3014.57,10278.74,191.63,1.8643335661763991,19.351204525068248,139692,120587,53380,27878,38.21263923488818,19.956762019299603,2025,99.93972384788424,60.520106968951296,9.1625214048854,10,1,2,10,0,73581.45061993529,52001.33150073018,192557.88684900713,7,-4,holgada,8.29276787713435,12058.7,con_oferta
15.0,Antonio Nariño,15.7,27.7,46.0,44.5,-1.5,12.0,50.0,17.5,70.0,42.625,12,147.0,1133.04,50.38,281.17,3548.66,3397.18,6945.84,331.55,4.7733607454246,18.42887253377561,79747,66777,29103,15037,36.494162789822816,18.855881725958344,2025,96.29565710122684,57.12308913920141,4.788515167011573,0,0,0,0,0,87098.44884447064,44498.97801798187,238664.05525203588,5,-7,holgada,0.0,,sin_oferta
9.0,Fontibón,19.5,23.5,46.6,43.6,-3.0,4.0,40.0,45.0,42.5,42.25,13,894.99,0.0,381.66,0.0,8961.279999999999,4400.02,13361.3,381.66,2.856458578132368,6.698375158105874,391355,331123,140749,66317,35.96453347983289,16.945484278979443,2025,99.0881766505355,51.27276140794656,7.713569540997096,20,3,3,6,14,34141.12506547764,22898.084859015467,94929.98174054522,17,4,sin_presion,6.040051582040511,16556.15,con_oferta
11.0,Suba,23.4,26.1,45.2,43.2,-2.0,2.700000000000003,35.0,40.0,55.00000000000001,40.75,14,716.11,130.43,368.93,75.89,23452.550000000003,14626.97,38079.52,444.82,1.168134472283264,2.22308474476569,1246296,1038412,442130,208166,35.475521064016895,16.70277365890607,2025,99.27041117511786,52.22605189616453,15.15761528116224,16,3,2,10,6,30554.154069338263,18817.80090764955,86127.42858435302,18,4,sin_presion,1.540814243286865,64900.75,con_oferta
20.0,Sumapaz,15.2,26.8,47.7,44.1,-3.6000000000000014,11.6,45.0,35.0,30.0,38.5,15,932.74,207.67,536.01,34.07,7562.66,4512.06,12074.72,570.08,4.721268898988963,9.444608239362902,3648,2718,1165,514,31.93530701754386,14.089912280701755,2025,99.48895025160412,55.284828675001634,12.5869009434455,0,0,0,0,0,3309956.1403508773,2073097.5877192982,10364566.523605151,1,-14,holgada,0.0,,sin_oferta
17.0,La Candelaria,25.8,27.1,44.1,42.5,-1.6000000000000014,1.3000000000000007,30.0,30.0,62.5,36.5,16,116.95,0.0,35.5,0.0,2905.0,1900.0,4805.0,35.5,0.7388137356919875,2.433922996878252,16793,14792,5588,2863,33.27576966593223,17.04877032096707,2025,99.16792119302976,57.49340581363157,9.921270400691224,0,0,0,0,0,286131.1260644316,172988.74531054607,859878.3106657122,2,-14,holgada,0.0,,sin_oferta
1.0,Usaquén,31.4,27.3,36.7,38.4,1.6999999999999955,-4.099999999999998,15.0,25.0,80.0,31.5,17,1137.17,170.42,140.6,123.83,6594.55,7544.04,14138.59,264.43,1.870271363693268,9.248376252511743,572511,488733,225816,117254,39.4430849363593,20.48065452017516,2025,99.35773294859597,57.92657343452332,12.354735855821062,12,4,3,0,12,24695.752570692966,11518.643309910203,62611.108158855,20,3,sin_presion,2.455328369477813,40727.75,con_oferta
2.0,Chapinero,32.8,32.0,30.5,34.1,3.6000000000000014,-0.7999999999999972,10.0,10.0,95.0,27.0,18,154.53,45.0,123.67,37.5,5096.77,2325.84,7422.610000000001,161.17000000000002,2.1713386531152787,2.688137999975749,163538,140157,61604,31050,37.669532463403,18.98641294378065,2025,91.07365070074589,50.645787049722365,10.99400211561084,0,0,0,0,0,45387.677481686216,31165.661803372917,120489.09161742746,12,-6,sin_presion,0.0,,sin_oferta
16.0,Puente Aranda,18.3,27.7,48.6,42.1,-6.5,9.4,25.0,17.5,10.0,19.375,19,1571.64,0.0,599.02,0.0,6481.99,4530.6,11012.59,599.02,5.439410710831875,14.271302209561965,251646,215368,95901,48822,38.10948713669202,19.401063398583723,2025,99.89382612201928,64.46532776205257,20.764705449053046,16,1,2,6,10,43762.22948109646,25758.36691224975,114832.90059540568,13,-6,sin_presion,7.429144534006909,13460.5,con_oferta
13.0,Teusaquillo,31.1,33.6,35.8,32.2,-3.5999999999999943,2.5,5.0,5.0,35.0,11.0,20,173.82,57.17,80.07,29.36,3982.34,2187.65,6169.99,109.43,1.7735847221794525,3.7437661973520218,157506,139022,68958,36735,43.78118928802712,23.32292103157975,2025,98.41378923029116,62.05619348974588,13.472621415690682,6,2,2,4,2,39173.04737597298,25283.735222785162,89474.60773224282,16,-4,sin_presion,4.31586367625268,23170.333333333332,con_oferta
