ambito,cod_localidad,nombre_mapa,localidad,anio,mes_corte,vigente,comprometido,girado,pct_comprometido,pct_girado,pct_girado_de_comprometido,concentracion_diciembre,concentracion_q4,anio_completo
IDRD,,,Distrital (IDRD),2024,12,396682.507,382686.726,256138.805,96.472,64.57,66.932,24.341,48.2,True
IDRD,,,Distrital (IDRD),2025,12,546188.931,500360.271,346787.188,91.609,63.492,69.307,20.314,49.395,True
IDRD,,,Distrital (IDRD),2026,5,498513.226,285165.918,81132.942,57.203,16.275,28.451,,,False
Fondo de Desarrollo Local,1,USAQUEN,Usaquén,2024,12,88133.927,80859.748,39070.469,91.746,44.331,48.319,6.614,16.21,True
Fondo de Desarrollo Local,1,USAQUEN,Usaquén,2025,12,120944.957,120168.168,70059.269,99.358,57.927,58.301,12.355,25.42,True
Fondo de Desarrollo Local,1,USAQUEN,Usaquén,2026,5,131076.057,68765.766,26374.667,52.462,20.122,38.354,,,False
Fondo de Desarrollo Local,2,CHAPINERO,Chapinero,2024,12,63598.611,58271.189,25265.342,91.623,39.726,43.358,10.071,33.123,True
Fondo de Desarrollo Local,2,CHAPINERO,Chapinero,2025,12,75924.829,69147.513,38452.727,91.074,50.646,55.61,10.994,33.386,True
Fondo de Desarrollo Local,2,CHAPINERO,Chapinero,2026,5,69233.009,41126.007,9455.497,59.402,13.657,22.992,,,False
Fondo de Desarrollo Local,3,SANTA FE,Santa Fe,2024,12,86249.13,82916.904,50653.603,96.137,58.729,61.09,3.535,22.45,True
Fondo de Desarrollo Local,3,SANTA FE,Santa Fe,2025,12,97973.265,97920.927,47550.705,99.947,48.534,48.56,13.243,22.194,True
Fondo de Desarrollo Local,3,SANTA FE,Santa Fe,2026,5,107759.693,66269.284,16623.594,61.497,15.427,25.085,,,False
Fondo de Desarrollo Local,4,SAN CRISTOBAL,San Cristóbal,2024,12,186793.699,184551.186,90254.057,98.799,48.318,48.905,9.539,25.279,True
Fondo de Desarrollo Local,4,SAN CRISTOBAL,San Cristóbal,2025,12,222437.193,221851.301,112308.439,99.737,50.49,50.623,10.189,25.632,True
Fondo de Desarrollo Local,4,SAN CRISTOBAL,San Cristóbal,2026,5,237233.342,163797.2,57644.642,69.045,24.299,35.193,,,False
Fondo de Desarrollo Local,5,USME,Usme,2024,12,191785.668,182434.473,103541.01,95.124,53.988,56.755,8.325,37.099,True
Fondo de Desarrollo Local,5,USME,Usme,2025,12,206034.505,202678.53,110374.684,98.371,53.571,54.458,10.74,27.692,True
Fondo de Desarrollo Local,5,USME,Usme,2026,5,219387.134,126238.49,31274.579,57.541,14.255,24.774,,,False
Fondo de Desarrollo Local,6,TUNJUELITO,Tunjuelito,2024,12,83047.832,83044.104,52931.963,99.996,63.737,63.74,10.225,28.134,True
Fondo de Desarrollo Local,6,TUNJUELITO,Tunjuelito,2025,12,90292.818,89012.263,53760.102,98.582,59.54,60.396,11.854,22.096,True
Fondo de Desarrollo Local,6,TUNJUELITO,Tunjuelito,2026,5,88886.243,49943.802,13237.786,56.188,14.893,26.505,,,False
Fondo de Desarrollo Local,7,BOSA,Bosa,2024,12,241797.061,238976.034,100926.477,98.833,41.74,42.233,8.963,34.098,True
Fondo de Desarrollo Local,7,BOSA,Bosa,2025,12,296156.147,294908.135,134776.959,99.579,45.509,45.701,13.469,29.463,True
Fondo de Desarrollo Local,7,BOSA,Bosa,2026,5,319395.465,207346.159,70615.437,64.918,22.109,34.057,,,False
Fondo de Desarrollo Local,8,KENNEDY,Kennedy,2024,12,301239.589,287866.579,143407.371,95.561,47.606,49.817,11.034,34.157,True
Fondo de Desarrollo Local,8,KENNEDY,Kennedy,2025,12,330591.796,327282.174,188874.52,98.999,57.132,57.71,11.306,21.259,True
Fondo de Desarrollo Local,8,KENNEDY,Kennedy,2026,5,327345.366,185835.94,42644.135,56.771,13.027,22.947,,,False
Fondo de Desarrollo Local,9,FONTIBON,Fontibón,2024,12,96644.408,92996.711,50954.665,96.226,52.724,54.792,9.354,30.54,True
Fondo de Desarrollo Local,9,FONTIBON,Fontibón,2025,12,103773.204,102826.976,53207.388,99.088,51.273,51.745,7.714,28.668,True
Fondo de Desarrollo Local,9,FONTIBON,Fontibón,2026,5,111311.733,67960.452,21272.567,61.054,19.111,31.301,,,False
Fondo de Desarrollo Local,10,ENGATIVA,Engativá,2024,12,157883.352,157449.898,87026.253,99.725,55.121,55.272,8.914,23.532,True
Fondo de Desarrollo Local,10,ENGATIVA,Engativá,2025,12,184284.099,184278.957,125283.804,99.997,67.984,67.986,25.674,41.179,True
Fondo de Desarrollo Local,10,ENGATIVA,Engativá,2026,5,169437.092,100535.581,45582.005,59.335,26.902,45.339,,,False
Fondo de Desarrollo Local,11,SUBA,Suba,2024,12,226740.858,203995.401,91831.699,89.969,40.501,45.017,5.361,30.92,True
Fondo de Desarrollo Local,11,SUBA,Suba,2025,12,274906.424,272900.738,143572.772,99.27,52.226,52.61,15.158,30.019,True
Fondo de Desarrollo Local,11,SUBA,Suba,2026,5,286621.57,166145.923,54291.236,57.967,18.942,32.677,,,False
Fondo de Desarrollo Local,12,BARRIOS UNIDOS,Barrios Unidos,2024,12,66698.151,60901.552,32138.744,91.309,48.185,52.772,13.089,40.186,True
Fondo de Desarrollo Local,12,BARRIOS UNIDOS,Barrios Unidos,2025,12,78434.142,78386.865,47468.427,99.94,60.52,60.557,9.163,24.408,True
Fondo de Desarrollo Local,12,BARRIOS UNIDOS,Barrios Unidos,2026,5,77663.954,44619.697,12791.781,57.452,16.471,28.668,,,False
Fondo de Desarrollo Local,13,TEUSAQUILLO,Teusaquillo,2024,12,45357.468,45137.986,16416.062,99.516,36.193,36.369,8.456,29.186,True
Fondo de Desarrollo Local,13,TEUSAQUILLO,Teusaquillo,2025,12,63010.541,62011.061,39101.943,98.414,62.056,63.056,13.473,30.39,True
Fondo de Desarrollo Local,13,TEUSAQUILLO,Teusaquillo,2026,5,57469.705,33277.316,12711.925,57.904,22.119,38.2,,,False
Fondo de Desarrollo Local,14,LOS MARTIRES,Los Mártires,2024,12,64597.389,61047.153,31996.919,94.504,49.533,52.413,14.653,46.511,True
Fondo de Desarrollo Local,14,LOS MARTIRES,Los Mártires,2025,12,75153.313,75106.784,40278.143,99.938,53.595,53.628,13.75,23.844,True
Fondo de Desarrollo Local,14,LOS MARTIRES,Los Mártires,2026,5,73866.139,48893.593,15681.508,66.192,21.23,32.073,,,False
Fondo de Desarrollo Local,15,ANTONIO NARIÑO,Antonio Nariño,2024,12,49343.609,48030.247,28558.36,97.338,57.877,59.459,10.442,32.699,True
Fondo de Desarrollo Local,15,ANTONIO NARIÑO,Antonio Nariño,2025,12,55825.832,53757.851,31889.44,96.296,57.123,59.321,4.789,22.376,True
Fondo de Desarrollo Local,15,ANTONIO NARIÑO,Antonio Nariño,2026,5,57097.332,32743.913,9279.07,57.348,16.251,28.338,,,False
Fondo de Desarrollo Local,16,PUENTE ARANDA,Puente Aranda,2024,12,79989.354,79054.549,50292.12,98.831,62.874,63.617,11.295,26.416,True
Fondo de Desarrollo Local,16,PUENTE ARANDA,Puente Aranda,2025,12,88809.508,88715.216,57251.341,99.894,64.465,64.534,20.765,36.452,True
Fondo de Desarrollo Local,16,PUENTE ARANDA,Puente Aranda,2026,5,90815.779,60098.846,24070.541,66.177,26.505,40.052,,,False
Fondo de Desarrollo Local,17,CANDELARIA,La Candelaria,2024,12,38718.313,37778.585,21209.889,97.573,54.78,56.143,6.26,48.401,True
Fondo de Desarrollo Local,17,CANDELARIA,La Candelaria,2025,12,53773.685,53326.246,30916.323,99.168,57.493,57.976,9.921,25.842,True
Fondo de Desarrollo Local,17,CANDELARIA,La Candelaria,2026,5,52525.355,30676.204,9504.887,58.403,18.096,30.985,,,False
Fondo de Desarrollo Local,18,RAFAEL URIBE URIBE,Rafael Uribe Uribe,2024,12,172408.223,163813.554,71626.923,95.015,41.545,43.725,18.169,47.422,True
Fondo de Desarrollo Local,18,RAFAEL URIBE URIBE,Rafael Uribe Uribe,2025,12,209227.897,208778.462,128695.916,99.785,61.51,61.642,11.803,30.599,True
Fondo de Desarrollo Local,18,RAFAEL URIBE URIBE,Rafael Uribe Uribe,2026,5,192561.575,107575.369,25112.643,55.865,13.041,23.344,,,False
Fondo de Desarrollo Local,19,CIUDAD BOLIVAR,Ciudad Bolívar,2024,12,313451.828,311836.051,157160.116,99.485,50.139,50.398,8.537,17.714,True
Fondo de Desarrollo Local,19,CIUDAD BOLIVAR,Ciudad Bolívar,2025,12,360234.605,357657.104,196333.768,99.284,54.502,54.894,8.636,22.441,True
Fondo de Desarrollo Local,19,CIUDAD BOLIVAR,Ciudad Bolívar,2026,5,369030.116,215850.971,81271.645,58.491,22.023,37.652,,,False
Fondo de Desarrollo Local,20,SUMAPAZ,Sumapaz,2024,12,114792.63,114517.735,67988.786,99.761,59.227,59.37,12.22,34.541,True
Fondo de Desarrollo Local,20,SUMAPAZ,Sumapaz,2025,12,114137.186,113553.889,63100.548,99.489,55.285,55.569,12.587,29.831,True
Fondo de Desarrollo Local,20,SUMAPAZ,Sumapaz,2026,5,117111.219,68796.34,28617.77,58.744,24.436,41.598,,,False
