ambito,cod_localidad,nombre_mapa,localidad,periodo,anio,mes,vigente_snapshot,comprometido_acumulado_anio,girado_acumulado_anio,giro_mes,compromiso_mes
IDRD,,,Distrital (IDRD),202401,2024,1,408340.357,13885.204,932.158,932.158,13885.204
IDRD,,,Distrital (IDRD),202402,2024,2,408340.357,30735.924,8218.165,7286.007,16850.72
IDRD,,,Distrital (IDRD),202403,2024,3,408340.357,62642.918,15545.09,7326.925,31906.994
IDRD,,,Distrital (IDRD),202404,2024,4,408340.357,111097.937,30713.401,15168.311,48455.019
IDRD,,,Distrital (IDRD),202405,2024,5,408340.357,184660.909,44001.404,13288.003,73562.972
IDRD,,,Distrital (IDRD),202406,2024,6,408340.357,184660.909,58905.262,14903.858,0.0
IDRD,,,Distrital (IDRD),202407,2024,7,408340.357,200019.982,80743.874,21838.612,15359.073
IDRD,,,Distrital (IDRD),202408,2024,8,411826.717,224249.677,105350.529,24606.655,24229.696
IDRD,,,Distrital (IDRD),202409,2024,9,405894.229,235562.172,132680.155,27329.626,11312.495
IDRD,,,Distrital (IDRD),202410,2024,10,407959.187,260102.951,160908.58,28228.425,24540.778
IDRD,,,Distrital (IDRD),202411,2024,11,407959.187,316747.896,193792.572,32883.992,56644.946
IDRD,,,Distrital (IDRD),202412,2024,12,396682.507,382686.726,256138.805,62346.233,65938.829
IDRD,,,Distrital (IDRD),202501,2025,1,556552.598,1646.05,901.196,901.196,1646.05
IDRD,,,Distrital (IDRD),202502,2025,2,556552.598,42909.094,3270.889,2369.693,41263.044
IDRD,,,Distrital (IDRD),202503,2025,3,556552.598,96444.109,15189.661,11918.772,53535.014
IDRD,,,Distrital (IDRD),202504,2025,4,556552.598,184059.969,29297.109,14107.448,87615.86
IDRD,,,Distrital (IDRD),202505,2025,5,556552.598,210149.493,52718.448,23421.339,26089.524
IDRD,,,Distrital (IDRD),202506,2025,6,556552.598,240802.907,75213.295,22494.847,30653.414
IDRD,,,Distrital (IDRD),202507,2025,7,556896.334,268418.467,105139.722,29926.427,27615.56
IDRD,,,Distrital (IDRD),202508,2025,8,556896.334,322918.106,132831.323,27691.601,54499.64
IDRD,,,Distrital (IDRD),202509,2025,9,556896.334,382537.895,175493.143,42661.821,59619.788
IDRD,,,Distrital (IDRD),202510,2025,10,556896.334,438517.521,243204.038,67710.894,55979.626
IDRD,,,Distrital (IDRD),202511,2025,11,556896.334,455391.727,276340.604,33136.566,16874.206
IDRD,,,Distrital (IDRD),202512,2025,12,546188.931,500360.271,346787.188,70446.584,44968.544
IDRD,,,Distrital (IDRD),202601,2026,1,498513.226,171819.831,1375.972,1375.972,171819.831
IDRD,,,Distrital (IDRD),202602,2026,2,498513.226,192045.799,9967.802,8591.83,20225.968
IDRD,,,Distrital (IDRD),202603,2026,3,498513.226,215316.663,26637.148,16669.347,23270.864
IDRD,,,Distrital (IDRD),202604,2026,4,498513.226,243366.028,51617.832,24980.683,28049.364
IDRD,,,Distrital (IDRD),202605,2026,5,498513.226,285165.918,81132.942,29515.111,41799.89
Fondo de Desarrollo Local,1,USAQUEN,Usaquén,202401,2024,1,92359.937,14770.915,2989.506,2989.506,14770.915
Fondo de Desarrollo Local,1,USAQUEN,Usaquén,202402,2024,2,92359.937,17311.93,7296.862,4307.356,2541.015
Fondo de Desarrollo Local,1,USAQUEN,Usaquén,202403,2024,3,87883.927,23149.284,10410.565,3113.703,5837.354
Fondo de Desarrollo Local,1,USAQUEN,Usaquén,202404,2024,4,87883.927,24219.442,12770.133,2359.568,1070.158
Fondo de Desarrollo Local,1,USAQUEN,Usaquén,202405,2024,5,87883.927,32448.711,15217.234,2447.101,8229.269
Fondo de Desarrollo Local,1,USAQUEN,Usaquén,202406,2024,6,87883.927,33418.301,17444.984,2227.75,969.59
Fondo de Desarrollo Local,1,USAQUEN,Usaquén,202407,2024,7,87883.927,36646.617,27445.157,10000.173,3228.316
Fondo de Desarrollo Local,1,USAQUEN,Usaquén,202408,2024,8,87883.927,37323.778,29328.034,1882.877,677.16
Fondo de Desarrollo Local,1,USAQUEN,Usaquén,202409,2024,9,88133.927,40830.082,32737.008,3408.974,3506.304
Fondo de Desarrollo Local,1,USAQUEN,Usaquén,202410,2024,10,88133.927,42576.544,33936.059,1199.051,1746.462
Fondo de Desarrollo Local,1,USAQUEN,Usaquén,202411,2024,11,88133.927,48093.392,36486.412,2550.353,5516.848
Fondo de Desarrollo Local,1,USAQUEN,Usaquén,202412,2024,12,88133.927,80859.748,39070.469,2584.057,32766.356
Fondo de Desarrollo Local,1,USAQUEN,Usaquén,202501,2025,1,128486.222,42159.479,1033.639,1033.639,42159.479
Fondo de Desarrollo Local,1,USAQUEN,Usaquén,202502,2025,2,128486.222,44459.982,4848.116,3814.477,2300.504
Fondo de Desarrollo Local,1,USAQUEN,Usaquén,202503,2025,3,119842.222,49528.595,7336.325,2488.209,5068.613
Fondo de Desarrollo Local,1,USAQUEN,Usaquén,202504,2025,4,119842.222,56062.393,12848.678,5512.353,6533.798
Fondo de Desarrollo Local,1,USAQUEN,Usaquén,202505,2025,5,119842.222,57916.407,17313.183,4464.505,1854.013
Fondo de Desarrollo Local,1,USAQUEN,Usaquén,202506,2025,6,120717.622,58065.259,22016.568,4703.384,148.853
Fondo de Desarrollo Local,1,USAQUEN,Usaquén,202507,2025,7,120717.622,71737.844,26578.507,4561.939,13672.585
Fondo de Desarrollo Local,1,USAQUEN,Usaquén,202508,2025,8,123418.427,80276.026,46083.242,19504.734,8538.181
Fondo de Desarrollo Local,1,USAQUEN,Usaquén,202509,2025,9,123418.427,82696.294,52250.197,6166.955,2420.268
Fondo de Desarrollo Local,1,USAQUEN,Usaquén,202510,2025,10,123418.427,99896.129,56706.032,4455.835,17199.835
Fondo de Desarrollo Local,1,USAQUEN,Usaquén,202511,2025,11,123418.427,107552.771,61403.632,4697.6,7656.642
Fondo de Desarrollo Local,1,USAQUEN,Usaquén,202512,2025,12,120944.957,120168.168,70059.269,8655.638,12615.397
Fondo de Desarrollo Local,1,USAQUEN,Usaquén,202601,2026,1,141659.92,61592.684,473.024,473.024,61592.684
Fondo de Desarrollo Local,1,USAQUEN,Usaquén,202602,2026,2,141659.92,64944.914,7050.927,6577.903,3352.231
Fondo de Desarrollo Local,1,USAQUEN,Usaquén,202603,2026,3,141659.92,67629.021,12742.208,5691.281,2684.107
Fondo de Desarrollo Local,1,USAQUEN,Usaquén,202604,2026,4,131076.057,67646.805,19678.434,6936.226,17.784
Fondo de Desarrollo Local,1,USAQUEN,Usaquén,202605,2026,5,131076.057,68765.766,26374.667,6696.233,1118.962
Fondo de Desarrollo Local,2,CHAPINERO,Chapinero,202401,2024,1,60097.964,26894.677,572.139,572.139,26894.677
Fondo de Desarrollo Local,2,CHAPINERO,Chapinero,202402,2024,2,58912.919,27173.04,2111.477,1539.338,278.363
Fondo de Desarrollo Local,2,CHAPINERO,Chapinero,202403,2024,3,58912.919,28109.708,3748.748,1637.27,936.668
Fondo de Desarrollo Local,2,CHAPINERO,Chapinero,202404,2024,4,58912.919,29313.31,5562.136,1813.388,1203.602
Fondo de Desarrollo Local,2,CHAPINERO,Chapinero,202405,2024,5,58912.919,26329.931,7269.582,1707.446,-2983.379
Fondo de Desarrollo Local,2,CHAPINERO,Chapinero,202406,2024,6,58912.919,26874.169,8141.047,871.465,544.238
Fondo de Desarrollo Local,2,CHAPINERO,Chapinero,202407,2024,7,60279.919,33021.871,9688.218,1547.172,6147.702
Fondo de Desarrollo Local,2,CHAPINERO,Chapinero,202408,2024,8,60279.919,35370.759,13062.683,3374.464,2348.888
Fondo de Desarrollo Local,2,CHAPINERO,Chapinero,202409,2024,9,60279.919,37483.943,16896.793,3834.11,2113.184
Fondo de Desarrollo Local,2,CHAPINERO,Chapinero,202410,2024,10,63598.611,40379.796,19081.865,2185.072,2895.853
Fondo de Desarrollo Local,2,CHAPINERO,Chapinero,202411,2024,11,63598.611,41611.823,22720.772,3638.908,1232.027
Fondo de Desarrollo Local,2,CHAPINERO,Chapinero,202412,2024,12,63598.611,58271.189,25265.342,2544.57,16659.366
Fondo de Desarrollo Local,2,CHAPINERO,Chapinero,202501,2025,1,77638.649,33201.49,1460.874,1460.874,33201.49
Fondo de Desarrollo Local,2,CHAPINERO,Chapinero,202502,2025,2,77638.649,34271.644,2757.133,1296.259,1070.154
Fondo de Desarrollo Local,2,CHAPINERO,Chapinero,202503,2025,3,73457.004,39587.811,4496.5,1739.367,5316.166
Fondo de Desarrollo Local,2,CHAPINERO,Chapinero,202504,2025,4,73457.004,40862.791,6896.505,2400.005,1274.98
Fondo de Desarrollo Local,2,CHAPINERO,Chapinero,202505,2025,5,73457.004,45367.298,8513.841,1617.336,4504.507
Fondo de Desarrollo Local,2,CHAPINERO,Chapinero,202506,2025,6,73457.004,45614.686,16388.081,7874.241,247.388
Fondo de Desarrollo Local,2,CHAPINERO,Chapinero,202507,2025,7,73457.004,48364.464,18776.13,2388.049,2749.778
Fondo de Desarrollo Local,2,CHAPINERO,Chapinero,202508,2025,8,73457.004,50746.888,22209.542,3433.412,2382.424
Fondo de Desarrollo Local,2,CHAPINERO,Chapinero,202509,2025,9,73457.004,51908.41,25614.987,3405.445,1161.522
Fondo de Desarrollo Local,2,CHAPINERO,Chapinero,202510,2025,10,77249.053,52701.932,29607.768,3992.781,793.522
Fondo de Desarrollo Local,2,CHAPINERO,Chapinero,202511,2025,11,77249.053,57801.462,34225.233,4617.465,5099.53
Fondo de Desarrollo Local,2,CHAPINERO,Chapinero,202512,2025,12,75924.829,69147.513,38452.727,4227.494,11346.051
Fondo de Desarrollo Local,2,CHAPINERO,Chapinero,202601,2026,1,76372.595,38890.79,1504.219,1504.219,38890.79
Fondo de Desarrollo Local,2,CHAPINERO,Chapinero,202602,2026,2,76372.595,41094.231,5357.228,3853.009,2203.441
Fondo de Desarrollo Local,2,CHAPINERO,Chapinero,202603,2026,3,69233.009,41132.798,6525.209,1167.982,38.567
Fondo de Desarrollo Local,2,CHAPINERO,Chapinero,202604,2026,4,69233.009,41106.38,7962.739,1437.53,-26.418
Fondo de Desarrollo Local,2,CHAPINERO,Chapinero,202605,2026,5,69233.009,41126.007,9455.497,1492.757,19.627
Fondo de Desarrollo Local,3,SANTA FE,Santa Fe,202401,2024,1,95024.198,34312.71,2540.967,2540.967,34312.71
Fondo de Desarrollo Local,3,SANTA FE,Santa Fe,202402,2024,2,84114.13,38072.779,4653.364,2112.396,3760.069
Fondo de Desarrollo Local,3,SANTA FE,Santa Fe,202403,2024,3,84114.13,40916.802,6961.353,2307.99,2844.023
Fondo de Desarrollo Local,3,SANTA FE,Santa Fe,202404,2024,4,84114.13,41625.124,15073.767,8112.414,708.322
Fondo de Desarrollo Local,3,SANTA FE,Santa Fe,202405,2024,5,84114.13,46057.057,18425.294,3351.527,4431.933
Fondo de Desarrollo Local,3,SANTA FE,Santa Fe,202406,2024,6,84114.13,65988.523,25293.191,6867.897,19931.466
Fondo de Desarrollo Local,3,SANTA FE,Santa Fe,202407,2024,7,84249.13,71760.196,31264.707,5971.516,5771.673
Fondo de Desarrollo Local,3,SANTA FE,Santa Fe,202408,2024,8,84249.13,72130.992,37017.898,5753.191,370.796
Fondo de Desarrollo Local,3,SANTA FE,Santa Fe,202409,2024,9,86249.13,73714.396,39281.625,2263.727,1583.404
Fondo de Desarrollo Local,3,SANTA FE,Santa Fe,202410,2024,10,86249.13,75878.349,45503.633,6222.008,2163.953
Fondo de Desarrollo Local,3,SANTA FE,Santa Fe,202411,2024,11,86249.13,77996.463,48863.157,3359.524,2118.114
Fondo de Desarrollo Local,3,SANTA FE,Santa Fe,202412,2024,12,86249.13,82916.904,50653.603,1790.447,4920.441
Fondo de Desarrollo Local,3,SANTA FE,Santa Fe,202501,2025,1,98001.031,32446.664,3659.354,3659.354,32446.664
Fondo de Desarrollo Local,3,SANTA FE,Santa Fe,202502,2025,2,98001.031,38787.482,7133.797,3474.443,6340.817
Fondo de Desarrollo Local,3,SANTA FE,Santa Fe,202503,2025,3,98001.031,40330.442,9170.51,2036.714,1542.961
Fondo de Desarrollo Local,3,SANTA FE,Santa Fe,202504,2025,4,98001.031,41200.846,10517.471,1346.961,870.404
Fondo de Desarrollo Local,3,SANTA FE,Santa Fe,202505,2025,5,91952.449,43030.216,12239.101,1721.63,1829.369
Fondo de Desarrollo Local,3,SANTA FE,Santa Fe,202506,2025,6,98077.848,48351.47,18045.975,5806.874,5321.255
Fondo de Desarrollo Local,3,SANTA FE,Santa Fe,202507,2025,7,98077.848,50668.097,20467.56,2421.586,2316.626
Fondo de Desarrollo Local,3,SANTA FE,Santa Fe,202508,2025,8,99889.333,62081.998,34713.836,14246.275,11413.902
Fondo de Desarrollo Local,3,SANTA FE,Santa Fe,202509,2025,9,99889.333,62646.876,36997.234,2283.398,564.878
Fondo de Desarrollo Local,3,SANTA FE,Santa Fe,202510,2025,10,99889.333,64338.751,38812.254,1815.02,1691.875
Fondo de Desarrollo Local,3,SANTA FE,Santa Fe,202511,2025,11,99648.381,82210.215,41253.381,2441.127,17871.464
Fondo de Desarrollo Local,3,SANTA FE,Santa Fe,202512,2025,12,97973.265,97920.927,47550.705,6297.324,15710.713
Fondo de Desarrollo Local,3,SANTA FE,Santa Fe,202601,2026,1,112781.833,62887.641,1420.385,1420.385,62887.641
Fondo de Desarrollo Local,3,SANTA FE,Santa Fe,202602,2026,2,112781.833,67240.207,5945.979,4525.594,4352.567
Fondo de Desarrollo Local,3,SANTA FE,Santa Fe,202603,2026,3,112781.833,67342.921,8270.8,2324.821,102.713
Fondo de Desarrollo Local,3,SANTA FE,Santa Fe,202604,2026,4,107759.693,66455.055,13058.689,4787.89,-887.866
Fondo de Desarrollo Local,3,SANTA FE,Santa Fe,202605,2026,5,107759.693,66269.284,16623.594,3564.905,-185.771
Fondo de Desarrollo Local,4,SAN CRISTOBAL,San Cristóbal,202401,2024,1,187380.274,17144.521,4437.269,4437.269,17144.521
Fondo de Desarrollo Local,4,SAN CRISTOBAL,San Cristóbal,202402,2024,2,187380.274,44059.305,10744.813,6307.543,26914.785
Fondo de Desarrollo Local,4,SAN CRISTOBAL,San Cristóbal,202403,2024,3,187380.274,54582.657,17183.35,6438.537,10523.351
Fondo de Desarrollo Local,4,SAN CRISTOBAL,San Cristóbal,202404,2024,4,185888.699,56820.119,21281.227,4097.878,2237.462
Fondo de Desarrollo Local,4,SAN CRISTOBAL,San Cristóbal,202405,2024,5,185888.699,79235.156,27503.242,6222.015,22415.037
Fondo de Desarrollo Local,4,SAN CRISTOBAL,San Cristóbal,202406,2024,6,185888.699,95538.793,47827.432,20324.19,16303.638
Fondo de Desarrollo Local,4,SAN CRISTOBAL,San Cristóbal,202407,2024,7,186793.699,108691.543,53789.434,5962.002,13152.75
Fondo de Desarrollo Local,4,SAN CRISTOBAL,San Cristóbal,202408,2024,8,186793.699,109946.81,58360.209,4570.775,1255.267
Fondo de Desarrollo Local,4,SAN CRISTOBAL,San Cristóbal,202409,2024,9,186793.699,117791.027,67438.345,9078.136,7844.217
Fondo de Desarrollo Local,4,SAN CRISTOBAL,San Cristóbal,202410,2024,10,186793.699,122444.087,75932.461,8494.115,4653.06
Fondo de Desarrollo Local,4,SAN CRISTOBAL,San Cristóbal,202411,2024,11,186793.699,133151.165,81645.135,5712.675,10707.078
Fondo de Desarrollo Local,4,SAN CRISTOBAL,San Cristóbal,202412,2024,12,186793.699,184551.186,90254.057,8608.922,51400.021
Fondo de Desarrollo Local,4,SAN CRISTOBAL,San Cristóbal,202501,2025,1,229373.978,24527.556,4578.203,4578.203,24527.556
Fondo de Desarrollo Local,4,SAN CRISTOBAL,San Cristóbal,202502,2025,2,229373.978,101420.89,13208.274,8630.072,76893.333
Fondo de Desarrollo Local,4,SAN CRISTOBAL,San Cristóbal,202503,2025,3,229373.978,111141.322,21591.427,8383.153,9720.432
Fondo de Desarrollo Local,4,SAN CRISTOBAL,San Cristóbal,202504,2025,4,225168.956,118809.863,28159.685,6568.257,7668.541
Fondo de Desarrollo Local,4,SAN CRISTOBAL,San Cristóbal,202505,2025,5,225168.956,125330.957,37510.578,9350.894,6521.094
Fondo de Desarrollo Local,4,SAN CRISTOBAL,San Cristóbal,202506,2025,6,225168.956,126547.14,45206.756,7696.178,1216.183
Fondo de Desarrollo Local,4,SAN CRISTOBAL,San Cristóbal,202507,2025,7,225168.956,139286.781,50796.72,5589.963,12739.64
Fondo de Desarrollo Local,4,SAN CRISTOBAL,San Cristóbal,202508,2025,8,225168.956,146239.459,73064.015,22267.295,6952.679
Fondo de Desarrollo Local,4,SAN CRISTOBAL,San Cristóbal,202509,2025,9,225168.956,168345.178,83522.013,10457.998,22105.718
Fondo de Desarrollo Local,4,SAN CRISTOBAL,San Cristóbal,202510,2025,10,226582.868,184879.12,91613.267,8091.253,16533.942
Fondo de Desarrollo Local,4,SAN CRISTOBAL,San Cristóbal,202511,2025,11,226582.868,200870.102,100865.184,9251.917,15990.982
Fondo de Desarrollo Local,4,SAN CRISTOBAL,San Cristóbal,202512,2025,12,222437.193,221851.301,112308.439,11443.255,20981.199
Fondo de Desarrollo Local,4,SAN CRISTOBAL,San Cristóbal,202601,2026,1,240261.742,50062.324,19895.516,19895.516,50062.324
Fondo de Desarrollo Local,4,SAN CRISTOBAL,San Cristóbal,202602,2026,2,240261.742,156102.184,24558.695,4663.179,106039.86
Fondo de Desarrollo Local,4,SAN CRISTOBAL,San Cristóbal,202603,2026,3,240261.742,156559.836,34677.114,10118.419,457.652
Fondo de Desarrollo Local,4,SAN CRISTOBAL,San Cristóbal,202604,2026,4,237233.342,159475.046,44462.841,9785.727,2915.21
Fondo de Desarrollo Local,4,SAN CRISTOBAL,San Cristóbal,202605,2026,5,237233.342,163797.2,57644.642,13181.801,4322.154
Fondo de Desarrollo Local,5,USME,Usme,202401,2024,1,210663.15,72554.916,2095.603,2095.603,72554.916
Fondo de Desarrollo Local,5,USME,Usme,202402,2024,2,210663.15,77708.702,12534.294,10438.691,5153.786
Fondo de Desarrollo Local,5,USME,Usme,202403,2024,3,190474.668,82140.672,18461.501,5927.207,4431.97
Fondo de Desarrollo Local,5,USME,Usme,202404,2024,4,190474.668,87422.153,24249.987,5788.486,5281.482
Fondo de Desarrollo Local,5,USME,Usme,202405,2024,5,190474.668,91274.988,30201.372,5951.384,3852.834
Fondo de Desarrollo Local,5,USME,Usme,202406,2024,6,191785.668,99905.929,38512.798,8311.426,8630.941
Fondo de Desarrollo Local,5,USME,Usme,202407,2024,7,191785.668,121131.773,41476.14,2963.343,21225.844
Fondo de Desarrollo Local,5,USME,Usme,202408,2024,8,191785.668,131076.537,56430.889,14954.748,9944.764
Fondo de Desarrollo Local,5,USME,Usme,202409,2024,9,191785.668,137171.832,65127.96,8697.071,6095.295
Fondo de Desarrollo Local,5,USME,Usme,202410,2024,10,191785.668,141298.877,88592.516,23464.556,4127.045
Fondo de Desarrollo Local,5,USME,Usme,202411,2024,11,191785.668,145924.57,94921.45,6328.934,4625.693
Fondo de Desarrollo Local,5,USME,Usme,202412,2024,12,191785.668,182434.473,103541.01,8619.56,36509.903
Fondo de Desarrollo Local,5,USME,Usme,202501,2025,1,220190.843,79449.185,3602.148,3602.148,79449.185
Fondo de Desarrollo Local,5,USME,Usme,202502,2025,2,220190.843,81479.59,13217.698,9615.549,2030.405
Fondo de Desarrollo Local,5,USME,Usme,202503,2025,3,208554.734,88091.282,15806.53,2588.832,6611.692
Fondo de Desarrollo Local,5,USME,Usme,202504,2025,4,208554.734,96116.758,23803.003,7996.473,8025.475
Fondo de Desarrollo Local,5,USME,Usme,202505,2025,5,208554.734,107176.241,30507.205,6704.202,11059.483
Fondo de Desarrollo Local,5,USME,Usme,202506,2025,6,208554.734,107348.642,44447.629,13940.424,172.401
Fondo de Desarrollo Local,5,USME,Usme,202507,2025,7,208554.734,115071.21,55918.685,11471.056,7722.569
Fondo de Desarrollo Local,5,USME,Usme,202508,2025,8,208554.734,131998.701,72180.369,16261.684,16927.49
Fondo de Desarrollo Local,5,USME,Usme,202509,2025,9,210302.118,143582.655,79809.691,7629.322,11583.954
Fondo de Desarrollo Local,5,USME,Usme,202510,2025,10,210302.118,144813.63,90296.287,10486.595,1230.975
Fondo de Desarrollo Local,5,USME,Usme,202511,2025,11,210302.118,148391.491,98520.022,8223.735,3577.861
Fondo de Desarrollo Local,5,USME,Usme,202512,2025,12,206034.505,202678.53,110374.684,11854.662,54287.039
Fondo de Desarrollo Local,5,USME,Usme,202601,2026,1,231248.05,63243.701,1520.311,1520.311,63243.701
Fondo de Desarrollo Local,5,USME,Usme,202602,2026,2,231248.05,120585.461,7729.567,6209.256,57341.76
Fondo de Desarrollo Local,5,USME,Usme,202603,2026,3,231248.05,120896.668,14698.106,6968.539,311.207
Fondo de Desarrollo Local,5,USME,Usme,202604,2026,4,231248.05,125840.905,24647.335,9949.229,4944.236
Fondo de Desarrollo Local,5,USME,Usme,202605,2026,5,219387.134,126238.49,31274.579,6627.244,397.585
Fondo de Desarrollo Local,6,TUNJUELITO,Tunjuelito,202401,2024,1,90409.656,32585.674,481.482,481.482,32585.674
Fondo de Desarrollo Local,6,TUNJUELITO,Tunjuelito,202402,2024,2,90409.656,34414.163,7119.756,6638.275,1828.489
Fondo de Desarrollo Local,6,TUNJUELITO,Tunjuelito,202403,2024,3,90409.656,37980.777,10870.964,3751.207,3566.614
Fondo de Desarrollo Local,6,TUNJUELITO,Tunjuelito,202404,2024,4,90409.656,41160.996,14533.37,3662.407,3180.219
Fondo de Desarrollo Local,6,TUNJUELITO,Tunjuelito,202405,2024,5,80047.832,41266.443,18551.415,4018.045,105.447
Fondo de Desarrollo Local,6,TUNJUELITO,Tunjuelito,202406,2024,6,83047.832,42246.68,22490.512,3939.097,980.237
Fondo de Desarrollo Local,6,TUNJUELITO,Tunjuelito,202407,2024,7,83047.832,50529.911,27162.357,4671.845,8283.231
Fondo de Desarrollo Local,6,TUNJUELITO,Tunjuelito,202408,2024,8,83047.832,51925.458,31760.718,4598.361,1395.547
Fondo de Desarrollo Local,6,TUNJUELITO,Tunjuelito,202409,2024,9,83047.832,56594.249,38039.979,6279.261,4668.791
Fondo de Desarrollo Local,6,TUNJUELITO,Tunjuelito,202410,2024,10,83047.832,61140.257,42383.708,4343.73,4546.008
Fondo de Desarrollo Local,6,TUNJUELITO,Tunjuelito,202411,2024,11,83047.832,68427.677,47519.739,5136.03,7287.42
Fondo de Desarrollo Local,6,TUNJUELITO,Tunjuelito,202412,2024,12,83047.832,83044.104,52931.963,5412.225,14616.427
Fondo de Desarrollo Local,6,TUNJUELITO,Tunjuelito,202501,2025,1,94544.731,30394.895,1131.077,1131.077,30394.895
Fondo de Desarrollo Local,6,TUNJUELITO,Tunjuelito,202502,2025,2,94544.731,33678.88,4835.026,3703.948,3283.985
Fondo de Desarrollo Local,6,TUNJUELITO,Tunjuelito,202503,2025,3,86197.275,39068.344,6840.061,2005.035,5389.464
Fondo de Desarrollo Local,6,TUNJUELITO,Tunjuelito,202504,2025,4,86197.275,44865.147,9630.879,2790.818,5796.803
Fondo de Desarrollo Local,6,TUNJUELITO,Tunjuelito,202505,2025,5,90390.675,46883.426,16493.081,6862.202,2018.279
Fondo de Desarrollo Local,6,TUNJUELITO,Tunjuelito,202506,2025,6,90390.675,51343.657,24441.074,7947.993,4460.231
Fondo de Desarrollo Local,6,TUNJUELITO,Tunjuelito,202507,2025,7,90390.675,52953.224,27976.593,3535.519,1609.567
Fondo de Desarrollo Local,6,TUNJUELITO,Tunjuelito,202508,2025,8,90390.675,57970.228,37154.665,9178.072,5017.004
Fondo de Desarrollo Local,6,TUNJUELITO,Tunjuelito,202509,2025,9,92121.792,59758.486,41881.329,4726.664,1788.258
Fondo de Desarrollo Local,6,TUNJUELITO,Tunjuelito,202510,2025,10,92121.792,61797.883,44842.39,2961.061,2039.397
Fondo de Desarrollo Local,6,TUNJUELITO,Tunjuelito,202511,2025,11,92121.792,72340.491,47387.305,2544.915,10542.608
Fondo de Desarrollo Local,6,TUNJUELITO,Tunjuelito,202512,2025,12,90292.818,89012.263,53760.102,6372.796,16671.772
Fondo de Desarrollo Local,6,TUNJUELITO,Tunjuelito,202601,2026,1,96584.51,47972.486,1044.696,1044.696,47972.486
Fondo de Desarrollo Local,6,TUNJUELITO,Tunjuelito,202602,2026,2,96584.51,50125.875,3970.014,2925.318,2153.389
Fondo de Desarrollo Local,6,TUNJUELITO,Tunjuelito,202603,2026,3,88886.243,50063.704,5766.512,1796.498,-62.171
Fondo de Desarrollo Local,6,TUNJUELITO,Tunjuelito,202604,2026,4,88886.243,50246.444,9765.796,3999.285,182.74
Fondo de Desarrollo Local,6,TUNJUELITO,Tunjuelito,202605,2026,5,88886.243,49943.802,13237.786,3471.99,-302.642
Fondo de Desarrollo Local,7,BOSA,Bosa,202401,2024,1,246510.057,92345.785,7053.144,7053.144,92345.785
Fondo de Desarrollo Local,7,BOSA,Bosa,202402,2024,2,239877.061,95137.041,15257.666,8204.522,2791.256
Fondo de Desarrollo Local,7,BOSA,Bosa,202403,2024,3,239877.061,96514.133,20899.366,5641.7,1377.092
Fondo de Desarrollo Local,7,BOSA,Bosa,202404,2024,4,239877.061,97332.701,27200.421,6301.055,818.567
Fondo de Desarrollo Local,7,BOSA,Bosa,202405,2024,5,239877.061,99430.083,34900.248,7699.827,2097.382
Fondo de Desarrollo Local,7,BOSA,Bosa,202406,2024,6,241547.061,102570.424,39503.538,4603.29,3140.341
Fondo de Desarrollo Local,7,BOSA,Bosa,202407,2024,7,241547.061,108077.659,42083.88,2580.342,5507.235
Fondo de Desarrollo Local,7,BOSA,Bosa,202408,2024,8,241547.061,129755.014,45943.117,3859.237,21677.354
Fondo de Desarrollo Local,7,BOSA,Bosa,202409,2024,9,241797.061,146510.486,66512.898,20569.781,16755.472
Fondo de Desarrollo Local,7,BOSA,Bosa,202410,2024,10,241797.061,149037.397,86099.633,19586.735,2526.911
Fondo de Desarrollo Local,7,BOSA,Bosa,202411,2024,11,241797.061,156593.773,91879.971,5780.338,7556.376
Fondo de Desarrollo Local,7,BOSA,Bosa,202412,2024,12,241797.061,238976.034,100926.477,9046.506,82382.261
Fondo de Desarrollo Local,7,BOSA,Bosa,202501,2025,1,302711.06,136402.847,2309.361,2309.361,136402.847
Fondo de Desarrollo Local,7,BOSA,Bosa,202502,2025,2,298117.942,144431.235,15475.244,13165.883,8028.388
Fondo de Desarrollo Local,7,BOSA,Bosa,202503,2025,3,298117.942,153152.386,27777.333,12302.088,8721.151
Fondo de Desarrollo Local,7,BOSA,Bosa,202504,2025,4,298117.942,158575.373,34013.271,6235.938,5422.987
Fondo de Desarrollo Local,7,BOSA,Bosa,202505,2025,5,298117.942,177584.241,50876.584,16863.313,19008.868
Fondo de Desarrollo Local,7,BOSA,Bosa,202506,2025,6,298117.942,180231.875,59047.976,8171.391,2647.634
Fondo de Desarrollo Local,7,BOSA,Bosa,202507,2025,7,298117.942,184610.273,70063.649,11015.673,4378.398
Fondo de Desarrollo Local,7,BOSA,Bosa,202508,2025,8,298117.942,204051.861,83715.959,13652.31,19441.588
Fondo de Desarrollo Local,7,BOSA,Bosa,202509,2025,9,301332.659,224505.198,95067.885,11351.926,20453.337
Fondo de Desarrollo Local,7,BOSA,Bosa,202510,2025,10,301332.659,241729.35,103099.56,8031.675,17224.152
Fondo de Desarrollo Local,7,BOSA,Bosa,202511,2025,11,301332.659,264978.284,116624.514,13524.954,23248.934
Fondo de Desarrollo Local,7,BOSA,Bosa,202512,2025,12,296156.147,294908.135,134776.959,18152.445,29929.851
Fondo de Desarrollo Local,7,BOSA,Bosa,202601,2026,1,333613.098,179847.254,16434.67,16434.67,179847.254
Fondo de Desarrollo Local,7,BOSA,Bosa,202602,2026,2,333613.098,186755.026,24929.273,8494.604,6907.773
Fondo de Desarrollo Local,7,BOSA,Bosa,202603,2026,3,319395.465,203595.69,38756.232,13826.959,16840.664
Fondo de Desarrollo Local,7,BOSA,Bosa,202604,2026,4,319395.465,209618.825,57435.267,18679.035,6023.135
Fondo de Desarrollo Local,7,BOSA,Bosa,202605,2026,5,319395.465,207346.159,70615.437,13180.17,-2272.665
Fondo de Desarrollo Local,8,KENNEDY,Kennedy,202401,2024,1,299859.321,65609.747,9352.792,9352.792,65609.747
Fondo de Desarrollo Local,8,KENNEDY,Kennedy,202402,2024,2,299859.321,112104.73,16092.567,6739.774,46494.983
Fondo de Desarrollo Local,8,KENNEDY,Kennedy,202403,2024,3,299859.321,113816.164,24387.159,8294.592,1711.434
Fondo de Desarrollo Local,8,KENNEDY,Kennedy,202404,2024,4,299859.321,115821.236,35088.675,10701.516,2005.071
Fondo de Desarrollo Local,8,KENNEDY,Kennedy,202405,2024,5,299489.589,133888.056,43060.022,7971.347,18066.82
Fondo de Desarrollo Local,8,KENNEDY,Kennedy,202406,2024,6,299489.589,137657.567,53276.502,10216.48,3769.511
Fondo de Desarrollo Local,8,KENNEDY,Kennedy,202407,2024,7,301239.589,143258.472,57538.026,4261.524,5600.905
Fondo de Desarrollo Local,8,KENNEDY,Kennedy,202408,2024,8,301239.589,202164.285,70108.623,12570.597,58905.813
Fondo de Desarrollo Local,8,KENNEDY,Kennedy,202409,2024,9,301239.589,215994.818,94423.914,24315.292,13830.533
Fondo de Desarrollo Local,8,KENNEDY,Kennedy,202410,2024,10,301239.589,226308.577,117031.881,22607.967,10313.759
Fondo de Desarrollo Local,8,KENNEDY,Kennedy,202411,2024,11,301239.589,236402.369,127583.721,10551.84,10093.792
Fondo de Desarrollo Local,8,KENNEDY,Kennedy,202412,2024,12,301239.589,287866.579,143407.371,15823.65,51464.21
Fondo de Desarrollo Local,8,KENNEDY,Kennedy,202501,2025,1,346048.892,142035.958,9232.592,9232.592,142035.958
Fondo de Desarrollo Local,8,KENNEDY,Kennedy,202502,2025,2,346048.892,148240.243,20653.192,11420.6,6204.285
Fondo de Desarrollo Local,8,KENNEDY,Kennedy,202503,2025,3,346048.892,161915.178,35580.244,14927.052,13674.936
Fondo de Desarrollo Local,8,KENNEDY,Kennedy,202504,2025,4,346048.892,168281.619,47894.706,12314.462,6366.44
Fondo de Desarrollo Local,8,KENNEDY,Kennedy,202505,2025,5,331979.793,190494.892,75024.646,27129.94,22213.274
Fondo de Desarrollo Local,8,KENNEDY,Kennedy,202506,2025,6,331979.793,191833.671,90296.844,15272.198,1338.779
Fondo de Desarrollo Local,8,KENNEDY,Kennedy,202507,2025,7,331979.793,213952.434,104677.972,14381.128,22118.763
Fondo de Desarrollo Local,8,KENNEDY,Kennedy,202508,2025,8,331979.793,245052.629,137021.731,32343.759,31100.195
Fondo de Desarrollo Local,8,KENNEDY,Kennedy,202509,2025,9,336502.577,246438.31,148722.287,11700.557,1385.681
Fondo de Desarrollo Local,8,KENNEDY,Kennedy,202510,2025,10,336502.577,307497.514,159343.357,10621.069,61059.204
Fondo de Desarrollo Local,8,KENNEDY,Kennedy,202511,2025,11,336502.577,309999.721,167519.959,8176.602,2502.207
Fondo de Desarrollo Local,8,KENNEDY,Kennedy,202512,2025,12,330591.796,327282.174,188874.52,21354.561,17282.454
Fondo de Desarrollo Local,8,KENNEDY,Kennedy,202601,2026,1,346239.153,169067.853,1087.794,1087.794,169067.853
Fondo de Desarrollo Local,8,KENNEDY,Kennedy,202602,2026,2,346239.153,177377.515,10637.902,9550.108,8309.662
Fondo de Desarrollo Local,8,KENNEDY,Kennedy,202603,2026,3,346239.153,177118.277,17742.955,7105.053,-259.239
Fondo de Desarrollo Local,8,KENNEDY,Kennedy,202604,2026,4,346239.153,185920.972,33271.284,15528.329,8802.695
Fondo de Desarrollo Local,8,KENNEDY,Kennedy,202605,2026,5,327345.366,185835.94,42644.135,9372.852,-85.032
Fondo de Desarrollo Local,9,FONTIBON,Fontibón,202401,2024,1,102882.908,36918.609,2984.687,2984.687,36918.609
Fondo de Desarrollo Local,9,FONTIBON,Fontibón,202402,2024,2,95085.408,40929.849,7420.757,4436.07,4011.24
Fondo de Desarrollo Local,9,FONTIBON,Fontibón,202403,2024,3,95085.408,42515.827,9152.689,1731.932,1585.978
Fondo de Desarrollo Local,9,FONTIBON,Fontibón,202404,2024,4,95085.408,45249.62,13258.597,4105.908,2733.794
Fondo de Desarrollo Local,9,FONTIBON,Fontibón,202405,2024,5,95085.408,45953.159,17771.322,4512.725,703.539
Fondo de Desarrollo Local,9,FONTIBON,Fontibón,202406,2024,6,95085.408,46859.175,22208.467,4437.145,906.016
Fondo de Desarrollo Local,9,FONTIBON,Fontibón,202407,2024,7,96394.408,54560.097,26196.548,3988.081,7700.921
Fondo de Desarrollo Local,9,FONTIBON,Fontibón,202408,2024,8,96394.408,59810.615,29190.528,2993.979,5250.519
Fondo de Desarrollo Local,9,FONTIBON,Fontibón,202409,2024,9,96644.408,64924.361,35393.262,6202.734,5113.745
Fondo de Desarrollo Local,9,FONTIBON,Fontibón,202410,2024,10,96644.408,66807.392,45055.533,9662.271,1883.031
Fondo de Desarrollo Local,9,FONTIBON,Fontibón,202411,2024,11,96644.408,69684.168,46188.283,1132.751,2876.776
Fondo de Desarrollo Local,9,FONTIBON,Fontibón,202412,2024,12,96644.408,92996.711,50954.665,4766.382,23312.543
Fondo de Desarrollo Local,9,FONTIBON,Fontibón,202501,2025,1,109311.686,42150.43,1570.785,1570.785,42150.43
Fondo de Desarrollo Local,9,FONTIBON,Fontibón,202502,2025,2,109311.686,44765.347,4585.829,3015.045,2614.917
Fondo de Desarrollo Local,9,FONTIBON,Fontibón,202503,2025,3,109311.686,48626.807,7330.335,2744.506,3861.46
Fondo de Desarrollo Local,9,FONTIBON,Fontibón,202504,2025,4,103764.857,53857.104,9180.356,1850.021,5230.298
Fondo de Desarrollo Local,9,FONTIBON,Fontibón,202505,2025,5,103764.857,59152.592,11729.579,2549.223,5295.488
Fondo de Desarrollo Local,9,FONTIBON,Fontibón,202506,2025,6,103764.857,63573.56,18394.237,6664.658,4420.968
Fondo de Desarrollo Local,9,FONTIBON,Fontibón,202507,2025,7,103764.857,66718.334,22786.742,4392.504,3144.774
Fondo de Desarrollo Local,9,FONTIBON,Fontibón,202508,2025,8,103764.857,73946.04,34863.704,12076.962,7227.706
Fondo de Desarrollo Local,9,FONTIBON,Fontibón,202509,2025,9,103764.857,75685.229,37954.138,3090.434,1739.189
Fondo de Desarrollo Local,9,FONTIBON,Fontibón,202510,2025,10,105805.398,82070.435,44274.886,6320.748,6385.206
Fondo de Desarrollo Local,9,FONTIBON,Fontibón,202511,2025,11,105805.398,84844.253,49103.199,4828.313,2773.819
Fondo de Desarrollo Local,9,FONTIBON,Fontibón,202512,2025,12,103773.204,102826.976,53207.388,4104.189,17982.723
Fondo de Desarrollo Local,9,FONTIBON,Fontibón,202601,2026,1,118564.456,59616.447,1948.158,1948.158,59616.447
Fondo de Desarrollo Local,9,FONTIBON,Fontibón,202602,2026,2,118564.456,68013.106,4673.305,2725.146,8396.659
Fondo de Desarrollo Local,9,FONTIBON,Fontibón,202603,2026,3,118564.456,68004.337,9426.213,4752.908,-8.769
Fondo de Desarrollo Local,9,FONTIBON,Fontibón,202604,2026,4,111311.733,67761.552,16138.103,6711.89,-242.785
Fondo de Desarrollo Local,9,FONTIBON,Fontibón,202605,2026,5,111311.733,67960.452,21272.567,5134.464,198.9
Fondo de Desarrollo Local,10,ENGATIVA,Engativá,202401,2024,1,174202.618,54486.81,6200.142,6200.142,54486.81
Fondo de Desarrollo Local,10,ENGATIVA,Engativá,202402,2024,2,157883.352,55329.404,14017.618,7817.476,842.594
Fondo de Desarrollo Local,10,ENGATIVA,Engativá,202403,2024,3,157883.352,61098.98,22247.261,8229.642,5769.576
Fondo de Desarrollo Local,10,ENGATIVA,Engativá,202404,2024,4,157883.352,64276.162,27589.227,5341.966,3177.182
Fondo de Desarrollo Local,10,ENGATIVA,Engativá,202405,2024,5,157883.352,67009.204,35980.635,8391.408,2733.043
Fondo de Desarrollo Local,10,ENGATIVA,Engativá,202406,2024,6,157883.352,92561.973,41782.087,5801.452,25552.768
Fondo de Desarrollo Local,10,ENGATIVA,Engativá,202407,2024,7,157883.352,100763.526,45850.265,4068.178,8201.553
Fondo de Desarrollo Local,10,ENGATIVA,Engativá,202408,2024,8,157883.352,102349.901,56409.973,10559.707,1586.376
Fondo de Desarrollo Local,10,ENGATIVA,Engativá,202409,2024,9,157883.352,113060.538,66547.206,10137.233,10710.637
Fondo de Desarrollo Local,10,ENGATIVA,Engativá,202410,2024,10,157883.352,117311.305,74318.874,7771.668,4250.766
Fondo de Desarrollo Local,10,ENGATIVA,Engativá,202411,2024,11,157883.352,123256.478,79269.017,4950.142,5945.173
Fondo de Desarrollo Local,10,ENGATIVA,Engativá,202412,2024,12,157883.352,157449.898,87026.253,7757.236,34193.421
Fondo de Desarrollo Local,10,ENGATIVA,Engativá,202501,2025,1,197355.059,70918.817,4222.213,4222.213,70918.817
Fondo de Desarrollo Local,10,ENGATIVA,Engativá,202502,2025,2,197355.059,79037.094,13384.426,9162.213,8118.277
Fondo de Desarrollo Local,10,ENGATIVA,Engativá,202503,2025,3,184692.558,88936.427,19061.459,5677.033,9899.333
Fondo de Desarrollo Local,10,ENGATIVA,Engativá,202504,2025,4,184692.558,93498.845,23219.025,4157.566,4562.418
Fondo de Desarrollo Local,10,ENGATIVA,Engativá,202505,2025,5,184692.558,102324.484,31364.619,8145.594,8825.639
Fondo de Desarrollo Local,10,ENGATIVA,Engativá,202506,2025,6,184692.558,103215.817,41591.179,10226.56,891.334
Fondo de Desarrollo Local,10,ENGATIVA,Engativá,202507,2025,7,184692.558,117859.815,51763.706,10172.527,14643.998
Fondo de Desarrollo Local,10,ENGATIVA,Engativá,202508,2025,8,184692.558,124063.091,66131.884,14368.178,6203.275
Fondo de Desarrollo Local,10,ENGATIVA,Engativá,202509,2025,9,187953.66,126076.47,73693.732,7561.849,2013.38
Fondo de Desarrollo Local,10,ENGATIVA,Engativá,202510,2025,10,187953.66,148388.655,83684.497,9990.764,22312.185
Fondo de Desarrollo Local,10,ENGATIVA,Engativá,202511,2025,11,187953.66,153780.307,93119.044,9434.547,5391.652
Fondo de Desarrollo Local,10,ENGATIVA,Engativá,202512,2025,12,184284.099,184278.957,125283.804,32164.76,30498.65
Fondo de Desarrollo Local,10,ENGATIVA,Engativá,202601,2026,1,195367.448,99517.088,19834.124,19834.124,99517.088
Fondo de Desarrollo Local,10,ENGATIVA,Engativá,202602,2026,2,195367.448,99571.02,22590.533,2756.409,53.932
Fondo de Desarrollo Local,10,ENGATIVA,Engativá,202603,2026,3,169437.092,100350.183,30014.861,7424.327,779.163
Fondo de Desarrollo Local,10,ENGATIVA,Engativá,202604,2026,4,169437.092,100392.154,39238.827,9223.966,41.971
Fondo de Desarrollo Local,10,ENGATIVA,Engativá,202605,2026,5,169437.092,100535.581,45582.005,6343.178,143.427
Fondo de Desarrollo Local,11,SUBA,Suba,202401,2024,1,249144.445,72871.431,7160.72,7160.72,72871.431
Fondo de Desarrollo Local,11,SUBA,Suba,202402,2024,2,223490.858,71150.894,14791.692,7630.973,-1720.537
Fondo de Desarrollo Local,11,SUBA,Suba,202403,2024,3,223490.858,76034.343,20371.393,5579.701,4883.448
Fondo de Desarrollo Local,11,SUBA,Suba,202404,2024,4,223490.858,77053.583,25981.145,5609.752,1019.24
Fondo de Desarrollo Local,11,SUBA,Suba,202405,2024,5,223490.858,78965.834,31674.917,5693.773,1912.251
Fondo de Desarrollo Local,11,SUBA,Suba,202406,2024,6,223490.858,81018.26,35004.705,3329.787,2052.426
Fondo de Desarrollo Local,11,SUBA,Suba,202407,2024,7,223490.858,87717.425,40635.17,5630.465,6699.165
Fondo de Desarrollo Local,11,SUBA,Suba,202408,2024,8,226740.858,89025.408,44854.073,4218.903,1307.982
Fondo de Desarrollo Local,11,SUBA,Suba,202409,2024,9,226740.858,116369.821,63437.259,18583.186,27344.413
Fondo de Desarrollo Local,11,SUBA,Suba,202410,2024,10,226740.858,119804.562,80978.543,17541.284,3434.74
Fondo de Desarrollo Local,11,SUBA,Suba,202411,2024,11,226740.858,133811.39,86908.599,5930.056,14006.829
Fondo de Desarrollo Local,11,SUBA,Suba,202412,2024,12,226740.858,203995.401,91831.699,4923.1,70184.011
Fondo de Desarrollo Local,11,SUBA,Suba,202501,2025,1,305190.924,111280.65,9298.607,9298.607,111280.65
Fondo de Desarrollo Local,11,SUBA,Suba,202502,2025,2,305190.924,122998.549,16640.225,7341.618,11717.898
Fondo de Desarrollo Local,11,SUBA,Suba,202503,2025,3,305190.924,134997.552,23312.212,6671.987,11999.003
Fondo de Desarrollo Local,11,SUBA,Suba,202504,2025,4,305190.924,138714.392,28319.912,5007.7,3716.841
Fondo de Desarrollo Local,11,SUBA,Suba,202505,2025,5,271591.444,143371.111,33331.554,5011.642,4656.719
Fondo de Desarrollo Local,11,SUBA,Suba,202506,2025,6,275784.844,144287.042,40362.419,7030.865,915.931
Fondo de Desarrollo Local,11,SUBA,Suba,202507,2025,7,275784.844,180010.77,64467.085,24104.666,35723.728
Fondo de Desarrollo Local,11,SUBA,Suba,202508,2025,8,275784.844,194531.816,84725.807,20258.722,14521.045
Fondo de Desarrollo Local,11,SUBA,Suba,202509,2025,9,280094.975,210975.069,100474.265,15748.457,16443.253
Fondo de Desarrollo Local,11,SUBA,Suba,202510,2025,10,280094.975,235423.306,112028.504,11554.239,24448.237
Fondo de Desarrollo Local,11,SUBA,Suba,202511,2025,11,280094.975,245014.752,121810.563,9782.059,9591.446
Fondo de Desarrollo Local,11,SUBA,Suba,202512,2025,12,274906.424,272900.738,143572.772,21762.208,27885.985
Fondo de Desarrollo Local,11,SUBA,Suba,202601,2026,1,318429.773,159209.866,3374.394,3374.394,159209.866
Fondo de Desarrollo Local,11,SUBA,Suba,202602,2026,2,318429.773,160723.853,20529.51,17155.116,1513.987
Fondo de Desarrollo Local,11,SUBA,Suba,202603,2026,3,286621.57,161768.586,31405.4,10875.889,1044.732
Fondo de Desarrollo Local,11,SUBA,Suba,202604,2026,4,286621.57,161973.96,41468.289,10062.889,205.375
Fondo de Desarrollo Local,11,SUBA,Suba,202605,2026,5,286621.57,166145.923,54291.236,12822.947,4171.963
Fondo de Desarrollo Local,12,BARRIOS UNIDOS,Barrios Unidos,202401,2024,1,65741.782,19638.94,1132.446,1132.446,19638.94
Fondo de Desarrollo Local,12,BARRIOS UNIDOS,Barrios Unidos,202402,2024,2,65741.782,20066.2,3223.24,2090.794,427.26
Fondo de Desarrollo Local,12,BARRIOS UNIDOS,Barrios Unidos,202403,2024,3,61718.151,21452.122,4488.121,1264.881,1385.922
Fondo de Desarrollo Local,12,BARRIOS UNIDOS,Barrios Unidos,202404,2024,4,61718.151,22547.87,8131.981,3643.86,1095.748
Fondo de Desarrollo Local,12,BARRIOS UNIDOS,Barrios Unidos,202405,2024,5,61718.151,29021.108,10355.003,2223.022,6473.238
Fondo de Desarrollo Local,12,BARRIOS UNIDOS,Barrios Unidos,202406,2024,6,61718.151,29244.405,12295.302,1940.299,223.297
Fondo de Desarrollo Local,12,BARRIOS UNIDOS,Barrios Unidos,202407,2024,7,66698.151,30292.519,15077.038,2781.736,1048.113
Fondo de Desarrollo Local,12,BARRIOS UNIDOS,Barrios Unidos,202408,2024,8,66698.151,31339.909,17524.731,2447.692,1047.39
Fondo de Desarrollo Local,12,BARRIOS UNIDOS,Barrios Unidos,202409,2024,9,66698.151,36230.439,19223.514,1698.783,4890.53
Fondo de Desarrollo Local,12,BARRIOS UNIDOS,Barrios Unidos,202410,2024,10,66698.151,38497.299,25171.844,5948.33,2266.86
Fondo de Desarrollo Local,12,BARRIOS UNIDOS,Barrios Unidos,202411,2024,11,66698.151,40024.832,27932.032,2760.188,1527.534
Fondo de Desarrollo Local,12,BARRIOS UNIDOS,Barrios Unidos,202412,2024,12,66698.151,60901.552,32138.744,4206.712,20876.719
Fondo de Desarrollo Local,12,BARRIOS UNIDOS,Barrios Unidos,202501,2025,1,81654.686,28943.157,436.893,436.893,28943.157
Fondo de Desarrollo Local,12,BARRIOS UNIDOS,Barrios Unidos,202502,2025,2,81654.686,29567.123,3838.999,3402.106,623.965
Fondo de Desarrollo Local,12,BARRIOS UNIDOS,Barrios Unidos,202503,2025,3,81654.686,35330.513,7323.58,3484.58,5763.39
Fondo de Desarrollo Local,12,BARRIOS UNIDOS,Barrios Unidos,202504,2025,4,77592.187,37519.488,9635.376,2311.797,2188.976
Fondo de Desarrollo Local,12,BARRIOS UNIDOS,Barrios Unidos,202505,2025,5,77592.187,42373.477,16600.737,6965.36,4853.988
Fondo de Desarrollo Local,12,BARRIOS UNIDOS,Barrios Unidos,202506,2025,6,77592.187,43078.905,20105.687,3504.95,705.428
Fondo de Desarrollo Local,12,BARRIOS UNIDOS,Barrios Unidos,202507,2025,7,77592.187,47734.368,25494.523,5388.836,4655.463
Fondo de Desarrollo Local,12,BARRIOS UNIDOS,Barrios Unidos,202508,2025,8,77592.187,52311.477,31074.515,5579.991,4577.109
Fondo de Desarrollo Local,12,BARRIOS UNIDOS,Barrios Unidos,202509,2025,9,80059.326,53318.784,35882.193,4807.679,1007.307
Fondo de Desarrollo Local,12,BARRIOS UNIDOS,Barrios Unidos,202510,2025,10,80059.326,67808.308,39872.782,3990.589,14489.524
Fondo de Desarrollo Local,12,BARRIOS UNIDOS,Barrios Unidos,202511,2025,11,80059.326,71307.038,43119.122,3246.34,3498.73
Fondo de Desarrollo Local,12,BARRIOS UNIDOS,Barrios Unidos,202512,2025,12,78434.142,78386.865,47468.427,4349.305,7079.827
Fondo de Desarrollo Local,12,BARRIOS UNIDOS,Barrios Unidos,202601,2026,1,78764.466,43547.495,705.902,705.902,43547.495
Fondo de Desarrollo Local,12,BARRIOS UNIDOS,Barrios Unidos,202602,2026,2,78764.466,44492.679,3982.832,3276.929,945.184
Fondo de Desarrollo Local,12,BARRIOS UNIDOS,Barrios Unidos,202603,2026,3,78764.466,44704.995,6967.867,2985.036,212.316
Fondo de Desarrollo Local,12,BARRIOS UNIDOS,Barrios Unidos,202604,2026,4,77663.954,44725.222,9078.642,2110.775,20.226
Fondo de Desarrollo Local,12,BARRIOS UNIDOS,Barrios Unidos,202605,2026,5,77663.954,44619.697,12791.781,3713.139,-105.525
Fondo de Desarrollo Local,13,TEUSAQUILLO,Teusaquillo,202401,2024,1,46167.034,13883.94,895.724,895.724,13883.94
Fondo de Desarrollo Local,13,TEUSAQUILLO,Teusaquillo,202402,2024,2,45107.468,18713.55,1926.556,1030.832,4829.61
Fondo de Desarrollo Local,13,TEUSAQUILLO,Teusaquillo,202403,2024,3,45107.468,21018.353,4068.918,2142.362,2304.803
Fondo de Desarrollo Local,13,TEUSAQUILLO,Teusaquillo,202404,2024,4,45107.468,21674.105,5034.01,965.091,655.752
Fondo de Desarrollo Local,13,TEUSAQUILLO,Teusaquillo,202405,2024,5,45107.468,22123.673,6527.594,1493.584,449.567
Fondo de Desarrollo Local,13,TEUSAQUILLO,Teusaquillo,202406,2024,6,45107.468,23948.278,7497.632,970.039,1824.605
Fondo de Desarrollo Local,13,TEUSAQUILLO,Teusaquillo,202407,2024,7,45107.468,25037.412,8661.234,1163.602,1089.134
Fondo de Desarrollo Local,13,TEUSAQUILLO,Teusaquillo,202408,2024,8,45357.468,25990.256,10451.779,1790.545,952.845
Fondo de Desarrollo Local,13,TEUSAQUILLO,Teusaquillo,202409,2024,9,45357.468,28739.115,11624.907,1173.128,2748.859
Fondo de Desarrollo Local,13,TEUSAQUILLO,Teusaquillo,202410,2024,10,45357.468,29809.523,14034.139,2409.232,1070.408
Fondo de Desarrollo Local,13,TEUSAQUILLO,Teusaquillo,202411,2024,11,45357.468,28977.088,15027.872,993.733,-832.436
Fondo de Desarrollo Local,13,TEUSAQUILLO,Teusaquillo,202412,2024,12,45357.468,45137.986,16416.062,1388.189,16160.898
Fondo de Desarrollo Local,13,TEUSAQUILLO,Teusaquillo,202501,2025,1,61312.607,28729.419,1414.034,1414.034,28729.419
Fondo de Desarrollo Local,13,TEUSAQUILLO,Teusaquillo,202502,2025,2,61312.607,29823.964,3437.585,2023.551,1094.545
Fondo de Desarrollo Local,13,TEUSAQUILLO,Teusaquillo,202503,2025,3,61125.438,34511.232,5959.404,2521.819,4687.269
Fondo de Desarrollo Local,13,TEUSAQUILLO,Teusaquillo,202504,2025,4,61125.438,35127.592,7011.856,1052.452,616.36
Fondo de Desarrollo Local,13,TEUSAQUILLO,Teusaquillo,202505,2025,5,61125.438,35982.299,10483.011,3471.155,854.706
Fondo de Desarrollo Local,13,TEUSAQUILLO,Teusaquillo,202506,2025,6,62310.338,36600.599,14411.47,3928.459,618.301
Fondo de Desarrollo Local,13,TEUSAQUILLO,Teusaquillo,202507,2025,7,62310.338,46319.833,18172.757,3761.287,9719.233
Fondo de Desarrollo Local,13,TEUSAQUILLO,Teusaquillo,202508,2025,8,64107.926,47760.608,24218.451,6045.694,1440.775
Fondo de Desarrollo Local,13,TEUSAQUILLO,Teusaquillo,202509,2025,9,64107.926,50429.678,27218.709,3000.258,2669.07
Fondo de Desarrollo Local,13,TEUSAQUILLO,Teusaquillo,202510,2025,10,64107.926,53979.997,31830.28,4611.57,3550.319
Fondo de Desarrollo Local,13,TEUSAQUILLO,Teusaquillo,202511,2025,11,64107.926,56689.995,33833.886,2003.607,2709.998
Fondo de Desarrollo Local,13,TEUSAQUILLO,Teusaquillo,202512,2025,12,63010.541,62011.061,39101.943,5268.057,5321.066
Fondo de Desarrollo Local,13,TEUSAQUILLO,Teusaquillo,202601,2026,1,57469.705,31630.71,105.918,105.918,31630.71
Fondo de Desarrollo Local,13,TEUSAQUILLO,Teusaquillo,202602,2026,2,57469.705,31961.833,2430.906,2324.988,331.123
Fondo de Desarrollo Local,13,TEUSAQUILLO,Teusaquillo,202603,2026,3,57469.705,32225.105,6363.78,3932.874,263.272
Fondo de Desarrollo Local,13,TEUSAQUILLO,Teusaquillo,202604,2026,4,57469.705,32997.794,9592.599,3228.819,772.688
Fondo de Desarrollo Local,13,TEUSAQUILLO,Teusaquillo,202605,2026,5,57469.705,33277.316,12711.925,3119.326,279.522
Fondo de Desarrollo Local,14,LOS MARTIRES,Los Mártires,202401,2024,1,65503.911,23115.822,204.528,204.528,23115.822
Fondo de Desarrollo Local,14,LOS MARTIRES,Los Mártires,202402,2024,2,65503.911,29625.086,2402.529,2198.001,6509.264
Fondo de Desarrollo Local,14,LOS MARTIRES,Los Mártires,202403,2024,3,65503.911,30384.779,3821.154,1418.625,759.693
Fondo de Desarrollo Local,14,LOS MARTIRES,Los Mártires,202404,2024,4,65503.911,33332.206,5524.676,1703.522,2947.427
Fondo de Desarrollo Local,14,LOS MARTIRES,Los Mártires,202405,2024,5,62097.389,35286.409,7672.729,2148.053,1954.203
Fondo de Desarrollo Local,14,LOS MARTIRES,Los Mártires,202406,2024,6,62097.389,38578.918,8096.017,423.288,3292.509
Fondo de Desarrollo Local,14,LOS MARTIRES,Los Mártires,202407,2024,7,62097.389,40259.837,10743.276,2647.259,1680.919
Fondo de Desarrollo Local,14,LOS MARTIRES,Los Mártires,202408,2024,8,64597.389,41573.454,12533.683,1790.407,1313.617
Fondo de Desarrollo Local,14,LOS MARTIRES,Los Mártires,202409,2024,9,64597.389,44345.306,17114.729,4581.046,2771.853
Fondo de Desarrollo Local,14,LOS MARTIRES,Los Mártires,202410,2024,10,64597.389,46102.403,24412.654,7297.925,1757.097
Fondo de Desarrollo Local,14,LOS MARTIRES,Los Mártires,202411,2024,11,64597.389,46913.775,27308.545,2895.891,811.371
Fondo de Desarrollo Local,14,LOS MARTIRES,Los Mártires,202412,2024,12,64597.389,61047.153,31996.919,4688.374,14133.378
Fondo de Desarrollo Local,14,LOS MARTIRES,Los Mártires,202501,2025,1,80545.976,26671.703,226.869,226.869,26671.703
Fondo de Desarrollo Local,14,LOS MARTIRES,Los Mártires,202502,2025,2,80545.976,31560.333,1708.303,1481.434,4888.629
Fondo de Desarrollo Local,14,LOS MARTIRES,Los Mártires,202503,2025,3,80545.976,35303.305,7077.186,5368.882,3742.972
Fondo de Desarrollo Local,14,LOS MARTIRES,Los Mártires,202504,2025,4,80545.976,36536.242,8956.295,1879.109,1232.937
Fondo de Desarrollo Local,14,LOS MARTIRES,Los Mártires,202505,2025,5,73960.86,40969.079,11506.322,2550.028,4432.836
Fondo de Desarrollo Local,14,LOS MARTIRES,Los Mártires,202506,2025,6,73960.86,41004.223,17042.574,5536.252,35.144
Fondo de Desarrollo Local,14,LOS MARTIRES,Los Mártires,202507,2025,7,73960.86,53823.175,19323.857,2281.283,12818.952
Fondo de Desarrollo Local,14,LOS MARTIRES,Los Mártires,202508,2025,8,76588.748,57878.553,25401.998,6078.14,4055.379
Fondo de Desarrollo Local,14,LOS MARTIRES,Los Mártires,202509,2025,9,76588.748,58585.828,30674.038,5272.04,707.275
Fondo de Desarrollo Local,14,LOS MARTIRES,Los Mártires,202510,2025,10,76588.748,69578.513,32886.547,2212.509,10992.685
Fondo de Desarrollo Local,14,LOS MARTIRES,Los Mártires,202511,2025,11,76588.748,69788.234,34739.983,1853.436,209.721
Fondo de Desarrollo Local,14,LOS MARTIRES,Los Mártires,202512,2025,12,75153.313,75106.784,40278.143,5538.16,5318.551
Fondo de Desarrollo Local,14,LOS MARTIRES,Los Mártires,202601,2026,1,78816.592,36206.017,12.19,12.19,36206.017
Fondo de Desarrollo Local,14,LOS MARTIRES,Los Mártires,202602,2026,2,78816.592,46040.828,3248.516,3236.325,9834.81
Fondo de Desarrollo Local,14,LOS MARTIRES,Los Mártires,202603,2026,3,78816.592,45860.232,5791.977,2543.462,-180.595
Fondo de Desarrollo Local,14,LOS MARTIRES,Los Mártires,202604,2026,4,78816.592,48613.014,12639.786,6847.808,2752.782
Fondo de Desarrollo Local,14,LOS MARTIRES,Los Mártires,202605,2026,5,73866.139,48893.593,15681.508,3041.722,280.579
Fondo de Desarrollo Local,15,ANTONIO NARIÑO,Antonio Nariño,202401,2024,1,55673.455,16070.14,1714.93,1714.93,16070.14
Fondo de Desarrollo Local,15,ANTONIO NARIÑO,Antonio Nariño,202402,2024,2,55673.455,18065.612,2825.535,1110.605,1995.472
Fondo de Desarrollo Local,15,ANTONIO NARIÑO,Antonio Nariño,202403,2024,3,49093.609,20504.069,3890.234,1064.699,2438.456
Fondo de Desarrollo Local,15,ANTONIO NARIÑO,Antonio Nariño,202404,2024,4,49093.609,21065.1,6416.598,2526.364,561.031
Fondo de Desarrollo Local,15,ANTONIO NARIÑO,Antonio Nariño,202405,2024,5,49093.609,23986.287,8843.682,2427.084,2921.187
Fondo de Desarrollo Local,15,ANTONIO NARIÑO,Antonio Nariño,202406,2024,6,49093.609,29285.044,10895.157,2051.475,5298.757
Fondo de Desarrollo Local,15,ANTONIO NARIÑO,Antonio Nariño,202407,2024,7,49093.609,32627.821,11613.328,718.171,3342.777
Fondo de Desarrollo Local,15,ANTONIO NARIÑO,Antonio Nariño,202408,2024,8,49093.609,33192.122,17004.237,5390.909,564.3
Fondo de Desarrollo Local,15,ANTONIO NARIÑO,Antonio Nariño,202409,2024,9,49343.609,35079.519,19220.098,2215.862,1887.397
Fondo de Desarrollo Local,15,ANTONIO NARIÑO,Antonio Nariño,202410,2024,10,49343.609,39673.692,22420.197,3200.099,4594.173
Fondo de Desarrollo Local,15,ANTONIO NARIÑO,Antonio Nariño,202411,2024,11,49343.609,40403.083,25576.219,3156.021,729.392
Fondo de Desarrollo Local,15,ANTONIO NARIÑO,Antonio Nariño,202412,2024,12,49343.609,48030.247,28558.36,2982.141,7627.163
Fondo de Desarrollo Local,15,ANTONIO NARIÑO,Antonio Nariño,202501,2025,1,58589.894,19688.928,634.109,634.109,19688.928
Fondo de Desarrollo Local,15,ANTONIO NARIÑO,Antonio Nariño,202502,2025,2,58589.894,22263.852,3169.691,2535.582,2574.924
Fondo de Desarrollo Local,15,ANTONIO NARIÑO,Antonio Nariño,202503,2025,3,55502.693,24225.929,3979.934,810.243,1962.077
Fondo de Desarrollo Local,15,ANTONIO NARIÑO,Antonio Nariño,202504,2025,4,55502.693,25661.808,5195.391,1215.457,1435.879
Fondo de Desarrollo Local,15,ANTONIO NARIÑO,Antonio Nariño,202505,2025,5,55502.693,27027.807,8194.424,2999.034,1365.999
Fondo de Desarrollo Local,15,ANTONIO NARIÑO,Antonio Nariño,202506,2025,6,55502.693,31989.793,11154.39,2959.966,4961.986
Fondo de Desarrollo Local,15,ANTONIO NARIÑO,Antonio Nariño,202507,2025,7,55502.693,33894.356,17336.968,6182.578,1904.563
Fondo de Desarrollo Local,15,ANTONIO NARIÑO,Antonio Nariño,202508,2025,8,57041.71,38302.654,22465.208,5128.24,4408.298
Fondo de Desarrollo Local,15,ANTONIO NARIÑO,Antonio Nariño,202509,2025,9,57041.71,38672.355,24753.863,2288.655,369.701
Fondo de Desarrollo Local,15,ANTONIO NARIÑO,Antonio Nariño,202510,2025,10,57041.71,39142.24,27937.803,3183.939,469.885
Fondo de Desarrollo Local,15,ANTONIO NARIÑO,Antonio Nariño,202511,2025,11,57041.71,39803.851,30362.409,2424.606,661.611
Fondo de Desarrollo Local,15,ANTONIO NARIÑO,Antonio Nariño,202512,2025,12,55825.832,53757.851,31889.44,1527.031,13954.0
Fondo de Desarrollo Local,15,ANTONIO NARIÑO,Antonio Nariño,202601,2026,1,59182.828,29318.334,620.712,620.712,29318.334
Fondo de Desarrollo Local,15,ANTONIO NARIÑO,Antonio Nariño,202602,2026,2,59182.828,32527.654,3296.195,2675.483,3209.32
Fondo de Desarrollo Local,15,ANTONIO NARIÑO,Antonio Nariño,202603,2026,3,57097.332,32548.043,4631.08,1334.885,20.389
Fondo de Desarrollo Local,15,ANTONIO NARIÑO,Antonio Nariño,202604,2026,4,57097.332,32564.661,7023.069,2391.989,16.618
Fondo de Desarrollo Local,15,ANTONIO NARIÑO,Antonio Nariño,202605,2026,5,57097.332,32743.913,9279.07,2256.001,179.251
Fondo de Desarrollo Local,16,PUENTE ARANDA,Puente Aranda,202401,2024,1,81459.388,26333.603,2653.607,2653.607,26333.603
Fondo de Desarrollo Local,16,PUENTE ARANDA,Puente Aranda,202402,2024,2,81459.388,31159.269,6628.061,3974.454,4825.667
Fondo de Desarrollo Local,16,PUENTE ARANDA,Puente Aranda,202403,2024,3,79739.354,33310.526,10634.709,4006.648,2151.257
Fondo de Desarrollo Local,16,PUENTE ARANDA,Puente Aranda,202404,2024,4,79739.354,34306.49,13962.787,3328.078,995.964
Fondo de Desarrollo Local,16,PUENTE ARANDA,Puente Aranda,202405,2024,5,79739.354,42575.384,16930.635,2967.848,8268.893
Fondo de Desarrollo Local,16,PUENTE ARANDA,Puente Aranda,202406,2024,6,79739.354,49373.518,19926.611,2995.976,6798.135
Fondo de Desarrollo Local,16,PUENTE ARANDA,Puente Aranda,202407,2024,7,79739.354,52780.073,27409.923,7483.312,3406.555
Fondo de Desarrollo Local,16,PUENTE ARANDA,Puente Aranda,202408,2024,8,79989.354,54103.821,34639.293,7229.37,1323.748
Fondo de Desarrollo Local,16,PUENTE ARANDA,Puente Aranda,202409,2024,9,79989.354,57745.106,37006.837,2367.544,3641.285
Fondo de Desarrollo Local,16,PUENTE ARANDA,Puente Aranda,202410,2024,10,79989.354,59366.212,42420.01,5413.173,1621.107
Fondo de Desarrollo Local,16,PUENTE ARANDA,Puente Aranda,202411,2024,11,79989.354,61086.336,44611.792,2191.782,1720.124
Fondo de Desarrollo Local,16,PUENTE ARANDA,Puente Aranda,202412,2024,12,79989.354,79054.549,50292.12,5680.328,17968.212
Fondo de Desarrollo Local,16,PUENTE ARANDA,Puente Aranda,202501,2025,1,93432.769,28808.923,1815.275,1815.275,28808.923
Fondo de Desarrollo Local,16,PUENTE ARANDA,Puente Aranda,202502,2025,2,93432.769,31711.812,3309.587,1494.312,2902.889
Fondo de Desarrollo Local,16,PUENTE ARANDA,Puente Aranda,202503,2025,3,88345.982,35715.212,6208.924,2899.338,4003.399
Fondo de Desarrollo Local,16,PUENTE ARANDA,Puente Aranda,202504,2025,4,88345.982,41355.847,10616.743,4407.819,5640.635
Fondo de Desarrollo Local,16,PUENTE ARANDA,Puente Aranda,202505,2025,5,88345.982,44593.599,15215.038,4598.295,3237.752
Fondo de Desarrollo Local,16,PUENTE ARANDA,Puente Aranda,202506,2025,6,88345.982,49337.141,22149.824,6934.785,4743.541
Fondo de Desarrollo Local,16,PUENTE ARANDA,Puente Aranda,202507,2025,7,88345.982,54857.854,25906.652,3756.828,5520.714
Fondo de Desarrollo Local,16,PUENTE ARANDA,Puente Aranda,202508,2025,8,90719.77,58954.927,32721.722,6815.07,4097.073
Fondo de Desarrollo Local,16,PUENTE ARANDA,Puente Aranda,202509,2025,9,90719.77,61403.175,36381.962,3660.24,2448.247
Fondo de Desarrollo Local,16,PUENTE ARANDA,Puente Aranda,202510,2025,10,90719.77,74219.177,40967.845,4585.884,12816.002
Fondo de Desarrollo Local,16,PUENTE ARANDA,Puente Aranda,202511,2025,11,90719.77,77225.46,45363.268,4395.423,3006.284
Fondo de Desarrollo Local,16,PUENTE ARANDA,Puente Aranda,202512,2025,12,88809.508,88715.216,57251.341,11888.072,11489.755
Fondo de Desarrollo Local,16,PUENTE ARANDA,Puente Aranda,202601,2026,1,97722.447,55091.708,2624.229,2624.229,55091.708
Fondo de Desarrollo Local,16,PUENTE ARANDA,Puente Aranda,202602,2026,2,97722.447,58327.554,9040.568,6416.339,3235.845
Fondo de Desarrollo Local,16,PUENTE ARANDA,Puente Aranda,202603,2026,3,90815.779,58502.413,15154.232,6113.664,174.859
Fondo de Desarrollo Local,16,PUENTE ARANDA,Puente Aranda,202604,2026,4,90815.779,59095.526,21704.615,6550.383,593.113
Fondo de Desarrollo Local,16,PUENTE ARANDA,Puente Aranda,202605,2026,5,90815.779,60098.846,24070.541,2365.926,1003.32
Fondo de Desarrollo Local,17,CANDELARIA,La Candelaria,202401,2024,1,32384.82,6090.34,531.981,531.981,6090.34
Fondo de Desarrollo Local,17,CANDELARIA,La Candelaria,202402,2024,2,31932.313,12851.477,1896.634,1364.652,6761.138
Fondo de Desarrollo Local,17,CANDELARIA,La Candelaria,202403,2024,3,31932.313,15353.986,2590.93,694.296,2502.509
Fondo de Desarrollo Local,17,CANDELARIA,La Candelaria,202404,2024,4,31932.313,16319.079,4233.819,1642.889,965.092
Fondo de Desarrollo Local,17,CANDELARIA,La Candelaria,202405,2024,5,31932.313,17428.564,5233.729,999.911,1109.485
Fondo de Desarrollo Local,17,CANDELARIA,La Candelaria,202406,2024,6,32718.313,18123.489,6286.606,1052.877,694.926
Fondo de Desarrollo Local,17,CANDELARIA,La Candelaria,202407,2024,7,32718.313,21244.138,7477.407,1190.8,3120.649
Fondo de Desarrollo Local,17,CANDELARIA,La Candelaria,202408,2024,8,38718.313,21707.069,9717.729,2240.323,462.93
Fondo de Desarrollo Local,17,CANDELARIA,La Candelaria,202409,2024,9,38718.313,23888.182,10944.127,1226.397,2181.113
Fondo de Desarrollo Local,17,CANDELARIA,La Candelaria,202410,2024,10,38718.313,27268.312,13039.575,2095.448,3380.131
Fondo de Desarrollo Local,17,CANDELARIA,La Candelaria,202411,2024,11,38718.313,31508.078,19882.228,6842.653,4239.765
Fondo de Desarrollo Local,17,CANDELARIA,La Candelaria,202412,2024,12,38718.313,37778.585,21209.889,1327.661,6270.508
Fondo de Desarrollo Local,17,CANDELARIA,La Candelaria,202501,2025,1,47957.751,2678.826,1274.729,1274.729,2678.826
Fondo de Desarrollo Local,17,CANDELARIA,La Candelaria,202502,2025,2,47957.751,10456.628,2698.952,1424.223,7777.802
Fondo de Desarrollo Local,17,CANDELARIA,La Candelaria,202503,2025,3,47881.68,19516.4,3356.479,657.526,9059.772
Fondo de Desarrollo Local,17,CANDELARIA,La Candelaria,202504,2025,4,47881.68,20526.275,5205.397,1848.919,1009.874
Fondo de Desarrollo Local,17,CANDELARIA,La Candelaria,202505,2025,5,47881.68,21365.687,6950.391,1744.993,839.412
Fondo de Desarrollo Local,17,CANDELARIA,La Candelaria,202506,2025,6,54007.08,23214.997,9907.439,2957.048,1849.31
Fondo de Desarrollo Local,17,CANDELARIA,La Candelaria,202507,2025,7,54007.08,32795.709,12138.116,2230.677,9580.712
Fondo de Desarrollo Local,17,CANDELARIA,La Candelaria,202508,2025,8,54836.232,36640.41,20141.921,8003.805,3844.7
Fondo de Desarrollo Local,17,CANDELARIA,La Candelaria,202509,2025,9,54836.232,40591.67,22926.981,2785.06,3951.261
Fondo de Desarrollo Local,17,CANDELARIA,La Candelaria,202510,2025,10,54836.232,44874.642,25293.778,2366.796,4282.972
Fondo de Desarrollo Local,17,CANDELARIA,La Candelaria,202511,2025,11,54836.232,47600.039,27849.031,2555.253,2725.397
Fondo de Desarrollo Local,17,CANDELARIA,La Candelaria,202512,2025,12,53773.685,53326.246,30916.323,3067.292,5726.206
Fondo de Desarrollo Local,17,CANDELARIA,La Candelaria,202601,2026,1,55157.886,10059.175,658.383,658.383,10059.175
Fondo de Desarrollo Local,17,CANDELARIA,La Candelaria,202602,2026,2,55157.886,19456.951,3178.727,2520.344,9397.776
Fondo de Desarrollo Local,17,CANDELARIA,La Candelaria,202603,2026,3,52525.355,31043.768,5407.802,2229.075,11586.817
Fondo de Desarrollo Local,17,CANDELARIA,La Candelaria,202604,2026,4,52525.355,30973.181,7443.683,2035.881,-70.587
Fondo de Desarrollo Local,17,CANDELARIA,La Candelaria,202605,2026,5,52525.355,30676.204,9504.887,2061.204,-296.977
Fondo de Desarrollo Local,18,RAFAEL URIBE URIBE,Rafael Uribe Uribe,202401,2024,1,191661.51,69007.331,2253.907,2253.907,69007.331
Fondo de Desarrollo Local,18,RAFAEL URIBE URIBE,Rafael Uribe Uribe,202402,2024,2,191661.51,69952.415,6258.586,4004.678,945.084
Fondo de Desarrollo Local,18,RAFAEL URIBE URIBE,Rafael Uribe Uribe,202403,2024,3,191661.51,71174.729,7843.446,1584.861,1222.314
Fondo de Desarrollo Local,18,RAFAEL URIBE URIBE,Rafael Uribe Uribe,202404,2024,4,172158.223,72645.442,9244.566,1401.119,1470.713
Fondo de Desarrollo Local,18,RAFAEL URIBE URIBE,Rafael Uribe Uribe,202405,2024,5,172158.223,73416.912,11150.073,1905.508,771.47
Fondo de Desarrollo Local,18,RAFAEL URIBE URIBE,Rafael Uribe Uribe,202406,2024,6,172158.223,74981.258,17398.582,6248.508,1564.346
Fondo de Desarrollo Local,18,RAFAEL URIBE URIBE,Rafael Uribe Uribe,202407,2024,7,172408.223,80841.633,20571.359,3172.778,5860.375
Fondo de Desarrollo Local,18,RAFAEL URIBE URIBE,Rafael Uribe Uribe,202408,2024,8,172408.223,81485.528,32937.498,12366.139,643.895
Fondo de Desarrollo Local,18,RAFAEL URIBE URIBE,Rafael Uribe Uribe,202409,2024,9,172408.223,92786.925,37660.097,4722.599,11301.397
Fondo de Desarrollo Local,18,RAFAEL URIBE URIBE,Rafael Uribe Uribe,202410,2024,10,172408.223,95509.243,52811.454,15151.357,2722.318
Fondo de Desarrollo Local,18,RAFAEL URIBE URIBE,Rafael Uribe Uribe,202411,2024,11,172408.223,110884.34,58613.307,5801.853,15375.097
Fondo de Desarrollo Local,18,RAFAEL URIBE URIBE,Rafael Uribe Uribe,202412,2024,12,172408.223,163813.554,71626.923,13013.616,52929.214
Fondo de Desarrollo Local,18,RAFAEL URIBE URIBE,Rafael Uribe Uribe,202501,2025,1,229891.105,4600.584,3283.62,3283.62,4600.584
Fondo de Desarrollo Local,18,RAFAEL URIBE URIBE,Rafael Uribe Uribe,202502,2025,2,229891.105,91383.733,15122.252,11838.632,86783.149
Fondo de Desarrollo Local,18,RAFAEL URIBE URIBE,Rafael Uribe Uribe,202503,2025,3,229891.105,105702.622,21741.437,6619.184,14318.889
Fondo de Desarrollo Local,18,RAFAEL URIBE URIBE,Rafael Uribe Uribe,202504,2025,4,208699.574,108804.566,26889.773,5148.336,3101.944
Fondo de Desarrollo Local,18,RAFAEL URIBE URIBE,Rafael Uribe Uribe,202505,2025,5,208699.574,120172.039,40797.187,13907.414,11367.473
Fondo de Desarrollo Local,18,RAFAEL URIBE URIBE,Rafael Uribe Uribe,202506,2025,6,208699.574,121050.002,48670.79,7873.603,877.963
Fondo de Desarrollo Local,18,RAFAEL URIBE URIBE,Rafael Uribe Uribe,202507,2025,7,208699.574,139876.497,61015.293,12344.503,18826.495
Fondo de Desarrollo Local,18,RAFAEL URIBE URIBE,Rafael Uribe Uribe,202508,2025,8,213056.108,156382.539,77249.322,16234.029,16506.043
Fondo de Desarrollo Local,18,RAFAEL URIBE URIBE,Rafael Uribe Uribe,202509,2025,9,213056.108,157839.021,89316.69,12067.368,1456.482
Fondo de Desarrollo Local,18,RAFAEL URIBE URIBE,Rafael Uribe Uribe,202510,2025,10,213056.108,173288.029,103364.127,14047.437,15449.008
Fondo de Desarrollo Local,18,RAFAEL URIBE URIBE,Rafael Uribe Uribe,202511,2025,11,213056.108,174466.667,113505.599,10141.472,1178.638
Fondo de Desarrollo Local,18,RAFAEL URIBE URIBE,Rafael Uribe Uribe,202512,2025,12,209227.897,208778.462,128695.916,15190.318,34311.794
Fondo de Desarrollo Local,18,RAFAEL URIBE URIBE,Rafael Uribe Uribe,202601,2026,1,206350.809,13554.603,0.0,0.0,13554.603
Fondo de Desarrollo Local,18,RAFAEL URIBE URIBE,Rafael Uribe Uribe,202602,2026,2,206350.809,106532.446,8511.099,8511.099,92977.842
Fondo de Desarrollo Local,18,RAFAEL URIBE URIBE,Rafael Uribe Uribe,202603,2026,3,206350.809,107790.571,14276.242,5765.143,1258.125
Fondo de Desarrollo Local,18,RAFAEL URIBE URIBE,Rafael Uribe Uribe,202604,2026,4,192561.575,107178.769,19916.192,5639.95,-611.801
Fondo de Desarrollo Local,18,RAFAEL URIBE URIBE,Rafael Uribe Uribe,202605,2026,5,192561.575,107575.369,25112.643,5196.451,396.6
Fondo de Desarrollo Local,19,CIUDAD BOLIVAR,Ciudad Bolívar,202401,2024,1,330876.803,121130.356,5388.673,5388.673,121130.356
Fondo de Desarrollo Local,19,CIUDAD BOLIVAR,Ciudad Bolívar,202402,2024,2,330876.803,125067.483,17126.818,11738.145,3937.127
Fondo de Desarrollo Local,19,CIUDAD BOLIVAR,Ciudad Bolívar,202403,2024,3,313201.828,131908.935,26769.494,9642.676,6841.452
Fondo de Desarrollo Local,19,CIUDAD BOLIVAR,Ciudad Bolívar,202404,2024,4,313201.828,135227.053,35113.018,8343.524,3318.118
Fondo de Desarrollo Local,19,CIUDAD BOLIVAR,Ciudad Bolívar,202405,2024,5,313201.828,146345.908,46514.003,11400.986,11118.855
Fondo de Desarrollo Local,19,CIUDAD BOLIVAR,Ciudad Bolívar,202406,2024,6,313201.828,149092.13,59519.86,13005.857,2746.222
Fondo de Desarrollo Local,19,CIUDAD BOLIVAR,Ciudad Bolívar,202407,2024,7,313201.828,211894.225,72740.189,13220.329,62802.095
Fondo de Desarrollo Local,19,CIUDAD BOLIVAR,Ciudad Bolívar,202408,2024,8,313451.828,213497.404,77541.39,4801.202,1603.178
Fondo de Desarrollo Local,19,CIUDAD BOLIVAR,Ciudad Bolívar,202409,2024,9,313451.828,236577.885,129320.804,51779.413,23080.482
Fondo de Desarrollo Local,19,CIUDAD BOLIVAR,Ciudad Bolívar,202410,2024,10,313451.828,243828.466,134117.772,4796.969,7250.581
Fondo de Desarrollo Local,19,CIUDAD BOLIVAR,Ciudad Bolívar,202411,2024,11,313451.828,254349.591,143743.985,9626.213,10521.125
Fondo de Desarrollo Local,19,CIUDAD BOLIVAR,Ciudad Bolívar,202412,2024,12,313451.828,311836.051,157160.116,13416.132,57486.46
Fondo de Desarrollo Local,19,CIUDAD BOLIVAR,Ciudad Bolívar,202501,2025,1,379283.771,154647.022,18416.815,18416.815,154647.022
Fondo de Desarrollo Local,19,CIUDAD BOLIVAR,Ciudad Bolívar,202502,2025,2,379283.771,167518.791,34240.883,15824.068,12871.769
Fondo de Desarrollo Local,19,CIUDAD BOLIVAR,Ciudad Bolívar,202503,2025,3,364478.085,176932.053,39128.589,4887.706,9413.262
Fondo de Desarrollo Local,19,CIUDAD BOLIVAR,Ciudad Bolívar,202504,2025,4,364478.085,197137.249,65145.504,26016.914,20205.196
Fondo de Desarrollo Local,19,CIUDAD BOLIVAR,Ciudad Bolívar,202505,2025,5,364478.085,202563.177,78841.28,13695.776,5425.929
Fondo de Desarrollo Local,19,CIUDAD BOLIVAR,Ciudad Bolívar,202506,2025,6,364478.085,205746.826,94189.253,15347.973,3183.649
Fondo de Desarrollo Local,19,CIUDAD BOLIVAR,Ciudad Bolívar,202507,2025,7,367066.397,261574.948,108394.273,14205.02,55828.121
Fondo de Desarrollo Local,19,CIUDAD BOLIVAR,Ciudad Bolívar,202508,2025,8,367066.397,281861.813,137886.415,29492.142,20286.866
Fondo de Desarrollo Local,19,CIUDAD BOLIVAR,Ciudad Bolívar,202509,2025,9,367066.397,286297.392,152275.473,14389.058,4435.579
Fondo de Desarrollo Local,19,CIUDAD BOLIVAR,Ciudad Bolívar,202510,2025,10,367066.397,307627.448,166566.188,14290.716,21330.056
Fondo de Desarrollo Local,19,CIUDAD BOLIVAR,Ciudad Bolívar,202511,2025,11,367066.397,332585.122,179378.894,12812.706,24957.674
Fondo de Desarrollo Local,19,CIUDAD BOLIVAR,Ciudad Bolívar,202512,2025,12,360234.605,357657.104,196333.768,16954.874,25071.982
Fondo de Desarrollo Local,19,CIUDAD BOLIVAR,Ciudad Bolívar,202601,2026,1,383732.933,185732.83,7392.496,7392.496,185732.83
Fondo de Desarrollo Local,19,CIUDAD BOLIVAR,Ciudad Bolívar,202602,2026,2,383732.933,201363.928,26728.587,19336.092,15631.098
Fondo de Desarrollo Local,19,CIUDAD BOLIVAR,Ciudad Bolívar,202603,2026,3,368580.116,213096.74,41325.822,14597.234,11732.812
Fondo de Desarrollo Local,19,CIUDAD BOLIVAR,Ciudad Bolívar,202604,2026,4,368580.116,215900.197,64404.563,23078.741,2803.457
Fondo de Desarrollo Local,19,CIUDAD BOLIVAR,Ciudad Bolívar,202605,2026,5,369030.116,215850.971,81271.645,16867.081,-49.226
Fondo de Desarrollo Local,20,SUMAPAZ,Sumapaz,202401,2024,1,121092.552,48284.195,3691.847,3691.847,48284.195
Fondo de Desarrollo Local,20,SUMAPAZ,Sumapaz,202402,2024,2,121092.552,48830.315,12592.115,8900.268,546.12
Fondo de Desarrollo Local,20,SUMAPAZ,Sumapaz,202403,2024,3,121092.552,51722.971,16657.354,4065.239,2892.656
Fondo de Desarrollo Local,20,SUMAPAZ,Sumapaz,202404,2024,4,121092.552,54819.975,19859.004,3201.65,3097.003
Fondo de Desarrollo Local,20,SUMAPAZ,Sumapaz,202405,2024,5,110542.63,57763.385,25025.267,5166.263,2943.41
Fondo de Desarrollo Local,20,SUMAPAZ,Sumapaz,202406,2024,6,114542.63,59641.982,29315.552,4290.285,1878.597
Fondo de Desarrollo Local,20,SUMAPAZ,Sumapaz,202407,2024,7,114542.63,64573.789,35982.515,6666.963,4931.807
Fondo de Desarrollo Local,20,SUMAPAZ,Sumapaz,202408,2024,8,114792.63,75572.518,40988.734,5006.219,10998.729
Fondo de Desarrollo Local,20,SUMAPAZ,Sumapaz,202409,2024,9,114792.63,86799.647,44505.08,3516.345,11227.129
Fondo de Desarrollo Local,20,SUMAPAZ,Sumapaz,202410,2024,10,114792.63,89724.231,53370.634,8865.555,2924.584
Fondo de Desarrollo Local,20,SUMAPAZ,Sumapaz,202411,2024,11,114792.63,97147.526,59680.434,6309.799,7423.295
Fondo de Desarrollo Local,20,SUMAPAZ,Sumapaz,202412,2024,12,114792.63,114517.735,67988.786,8308.353,17370.209
Fondo de Desarrollo Local,20,SUMAPAZ,Sumapaz,202501,2025,1,125411.511,46928.668,4333.335,4333.335,46928.668
Fondo de Desarrollo Local,20,SUMAPAZ,Sumapaz,202502,2025,2,125411.511,53223.702,8601.211,4267.876,6295.034
Fondo de Desarrollo Local,20,SUMAPAZ,Sumapaz,202503,2025,3,125411.511,57571.243,11214.821,2613.61,4347.541
Fondo de Desarrollo Local,20,SUMAPAZ,Sumapaz,202504,2025,4,115418.463,59201.099,15610.638,4395.817,1629.856
Fondo de Desarrollo Local,20,SUMAPAZ,Sumapaz,202505,2025,5,115418.463,66449.315,19639.172,4028.534,7248.216
Fondo de Desarrollo Local,20,SUMAPAZ,Sumapaz,202506,2025,6,115418.463,68927.748,26254.163,6614.991,2478.433
Fondo de Desarrollo Local,20,SUMAPAZ,Sumapaz,202507,2025,7,115418.463,73753.919,32556.044,6301.881,4826.171
Fondo de Desarrollo Local,20,SUMAPAZ,Sumapaz,202508,2025,8,116418.463,76394.931,38372.062,5816.017,2641.012
Fondo de Desarrollo Local,20,SUMAPAZ,Sumapaz,202509,2025,9,116418.463,82678.38,44277.208,5905.146,6283.45
Fondo de Desarrollo Local,20,SUMAPAZ,Sumapaz,202510,2025,10,116418.463,91895.2,48541.573,4264.365,9216.819
Fondo de Desarrollo Local,20,SUMAPAZ,Sumapaz,202511,2025,11,116418.463,93752.72,55158.144,6616.572,1857.521
Fondo de Desarrollo Local,20,SUMAPAZ,Sumapaz,202512,2025,12,114137.186,113553.889,63100.548,7942.403,19801.168
Fondo de Desarrollo Local,20,SUMAPAZ,Sumapaz,202601,2026,1,124353.493,68742.315,2268.475,2268.475,68742.315
Fondo de Desarrollo Local,20,SUMAPAZ,Sumapaz,202602,2026,2,124353.493,69249.833,9938.533,7670.058,507.519
Fondo de Desarrollo Local,20,SUMAPAZ,Sumapaz,202603,2026,3,124353.493,69447.907,15677.093,5738.56,198.074
Fondo de Desarrollo Local,20,SUMAPAZ,Sumapaz,202604,2026,4,117111.219,68781.344,22406.804,6729.711,-666.564
Fondo de Desarrollo Local,20,SUMAPAZ,Sumapaz,202605,2026,5,117111.219,68796.34,28617.77,6210.965,14.996
