CodigoProyecto,entidad,proyecto,programado_mm,avance_fisico,avance_financiero,actividades,actividades_en_cero,es_actividad_fisica,es_idrd
19,Empresa de Acueducto y Alcantarillado de Bogotá,CONSTRUCCIÓN DE REDES LOCALES PARA EL SERVICIO DE ALCANTAR,26333.35,0.0,1.25,1,1,False,False
20,Empresa de Acueducto y Alcantarillado de Bogotá,CONSTRUCCIÓN DE REDES LOCALES PARA EL SERVICIO DE ALCANTAR,3199.36,0.0,9.79,1,1,False,False
21,Empresa de Acueducto y Alcantarillado de Bogotá,CONSTRUCCIÓN DEL SISTEMA TRONCAL Y SECUNDARIO DE ALCANTARI,22926.59,0.0,0.59,1,1,False,False
22,Empresa de Acueducto y Alcantarillado de Bogotá,CONSTRUCCIÓN DEL SISTEMA TRONCAL Y SECUNDARIO DE ALCANTARI,16088.58,13.07,10.54,1,0,False,False
50,Empresa de Acueducto y Alcantarillado de Bogotá,RENOVACIÓN Y/O REPOSICIÓN DE LOS SISTEMAS DE ABASTECIMIENT,96451.2,1.03,7.18,3,2,False,False
51,Empresa de Acueducto y Alcantarillado de Bogotá,RENOVACIÓN Y/O REPOSICIÓN DEL SISTEMA TRONCAL  SECUNDARIO ,79779.99,2.19,10.68,2,1,False,False
52,Empresa de Acueducto y Alcantarillado de Bogotá,RENOVACIÓN Y/O REPOSICIÓN DEL SISTEMA TRONCAL  SECUNDARIO ,30503.31,14.12,13.88,2,1,False,False
55,Empresa de Acueducto y Alcantarillado de Bogotá,DESARROLLO DE ACCIONES PARA EL FORTALECIMIENTO ADMINISTRAT,5336.26,0.0,1.87,2,2,False,False
68,Empresa de Acueducto y Alcantarillado de Bogotá,ADECUACIÓN DE LAS REDES ASOCIADAS A LA INFRAESTRUCTURA VIA,63177.57,0.0,100.0,2,2,False,False
7251,Empresa de Transporte del Tercer Milenio - Transmilenio S.A.,DESARROLLO Y GESTIÓN DE LA INFRAESTRUCTURA DEL SISTEMA INT,15538.21,3.0,1.42,1,0,False,False
7334,Empresa de Acueducto y Alcantarillado de Bogotá,CONSTRUCCIÓN Y EXPANSIÓN DEL SISTEMA DE ABASTECIMIENTO Y M,94026.7,0.0,3.64,3,3,False,False
7338,Empresa de Acueducto y Alcantarillado de Bogotá,CONSTRUCCIÓN DE REDES LOCALES PARA EL SERVICIO DE ACUEDUCT,1267.29,0.0,5.72,1,1,False,False
7341,Empresa de Acueducto y Alcantarillado de Bogotá,ADECUACIÓN HIDRÁULICA Y RECUPERACIÓN AMBIENTAL DE HUMEDALE,1401.3,0.0,0.0,1,1,False,False
7501,Empresa Metro de Bogotá S.A.,PRIMERA LÍNEA DE METRO DE BOGOTÁ,12421715.32,21.38,10.83,2,0,False,False
7519,Empresa Metro de Bogotá S.A.,DISEÑO  CONSTRUCCIÓN Y PUESTA EN OPERACIÓN DE LA PRIMERA L,685204.55,10.61,11.26,4,1,False,False
7520,Empresa Metro de Bogotá S.A.,DESARROLLO  IDENTIFICACIÓN  PLANEACIÓN  ESTRUCTURACIÓN Y A,1529760.05,0.0,0.14,3,3,False,False
7525,Empresa de Renovación y Desarrollo Urbano,IMPLEMENTACIÓN DE UN PORTAFOLIO DE VIVIENDA PARA BOGOTÁ D.,38114.37,0.0,17.21,1,1,False,False
7528,Empresa de Renovación y Desarrollo Urbano,FORMULACIÓN GESTIÓN Y ESTRUCTURACIÓN DE PROYECTOS DE DESAR,66074.15,17.98,23.9,2,0,False,False
7530,Empresa de Acueducto y Alcantarillado de Bogotá,CONSTRUCCIÓN DE LA INFRAESTRUCTURA PARA LA PRESTACIÓN DE S,745616.8,5.21,12.55,10,5,False,False
7531,Empresa Metro de Bogotá S.A.,IMPLEMENTACIÓN DEL PROGRAMA DE CULTURA CIUDADANA PARA LA R,23363.35,17.33,1.07,3,2,False,False
7532,Empresa Metro de Bogotá S.A.,FORTALECIMIENTO DE LA CAPACIDAD INSTITUCIONAL EN EL MARCO ,17040.26,15.92,9.07,7,6,False,False
7533,Empresa de Acueducto y Alcantarillado de Bogotá,RENOVACIÓN DE LA INFRAESTRUCTURA PARA LA PRESTACIÓN DE SER,1113698.55,44.35,25.36,8,2,False,False
7534,Empresa Metro de Bogotá S.A.,ELABORACIÓN DE LOS ESTUDIOS Y DISEÑOS A NIVEL DE FACTIBILI,78266.63,6.69,0.0,2,1,False,False
7535,Empresa de Acueducto y Alcantarillado de Bogotá,IMPLEMENTACIÓN DE ACCIONES PARA EL SANEAMIENTO DEL RÍO BOG,666464.3,0.0,6.74,1,1,False,False
7536,Lotería de Bogotá,IMPLEMENTACIÓN PROGRAMA DE BENEFICIOS ECONÓMICOS PERIÓDICO,706.9,24.97,11.26,2,1,False,False
7537,Empresa de Acueducto y Alcantarillado de Bogotá,MEJORAMIENTO HIDRÁULICO Y RECUPERACIÓN AMBIENTAL DE HUMEDA,169949.46,24.78,8.5,3,0,False,False
7538,Empresa de Acueducto y Alcantarillado de Bogotá,IMPLEMENTACIÓN DE ACCIONES PARA EL FORTALECIMIENTO ADMINIS,488317.98,7.41,2.72,1,0,False,False
7539,Canal Capital,INCREMENTO DE LA CAPACIDAD INSTALADA PARA LA PRODUCCIÓN Y ,35858.12,21.71,27.88,3,0,False,False
7542,Secretaría Distrital de Hacienda,FORTALECIMIENTO DE LOS CRITERIOS DE CALIDAD DEL GASTO PARA,4018.1,0.0,0.0,4,4,False,False
7546,Empresa de Renovación y Desarrollo Urbano,IMPLEMENTACIÓN TITULARIZACIÓN DE IMPUESTO FUTURO DE PREDIA,0.0,0.0,0.0,2,2,False,False
7548,Empresa Metro de Bogotá S.A.,AMPLIACIÓN DE LA RED DE LÍNEAS DE METRO Y LAS LÍNEAS FÉRRE,9803.64,0.0,0.0,1,1,False,False
7575,Secretaría Distrital del Hábitat,ESTUDIOS Y DISEÑOS DE PROYECTO PARA EL MEJORAMIENTO INTEGR,184029.19,0.0,4.92,5,5,False,False
7624,Secretaría de Educación del Distrito,SERVICIO EDUCATIVO DE COBERTURA CON EQUIDAD EN BOGOTÁ D.C.,216970.58,3.32,3.34,2,1,False,False
7638,Secretaría de Educación del Distrito,FORTALECIMIENTO DE LA INFRAESTRUCTURA Y DOTACIÓN DE AMBIEN,1007748.81,10.2,23.89,4,2,False,False
7661,Secretaría Distrital de Hacienda,IMPLEMENTACIÓN DE UN MODELO DE ARQUITECTURA DEFINIDO PARA ,24232.63,39.32,76.61,2,1,False,False
7717,Instituto Distrital de Turismo,FORTALECIMIENTO DE LA CAPACIDAD DEL SISTEMA DISTRITAL DE T,5309.07,5.91,19.6,7,5,False,False
7786,Instituto de Desarrollo Urbano,INTEGRACIÓN FUNCIONAL DEL REGIOTRAM A LA ESTRUCTURA URBANA,40950.0,0.0,0.0,1,1,False,False
7790,Secretaría Distrital de Salud / Fondo Financiero Distrital de Salud,FORTALECIMIENTO DE LA INFRAESTRUCTURA Y DOTACIÓN DEL SECTO,954793.54,19.13,12.75,9,3,False,False
7883,Secretaría Distrital del Hábitat,ADECUACIÓN DE ENTORNOS URBANOS Y/O RURALES CON DÉFICIT DE ,165439.46,0.0,3.21,4,4,False,False
7891,Departamento Administrativo del Servicio Civil Distrital,FORTALECIMIENTO INSTITUCIONAL DEL DASCD: HACIA UNA GESTIÓN,654.87,23.69,23.61,2,0,False,False
7893,"Secretaría Distrital de Cultura, Recreación y Deporte",FORMACIÓN ARTÍSTICA  CULTURAL Y DEPORTIVA A LO LARGO DE LA,9099.31,25.75,30.69,2,0,False,True
7913,"Agencia Distrital para la Educación Superior, la Ciencia y la Tecnología",IMPLEMENTACIÓN DEL SISTEMA DE EDUCACIÓN POSTMEDIA PARA BOG,28714.84,0.0,0.0,1,1,False,False
7914,Secretaría Distrital de Salud / Fondo Financiero Distrital de Salud,CONSTRUCCIÓN Y MEJORA DE LA CAPACIDAD INSTALADA UMHES CLL ,113831.82,0.0,0.0,1,1,False,False
7919,Secretaría Distrital de Salud / Fondo Financiero Distrital de Salud,GENERACIÓN DE CAPACIDADES PARA LA CREACIÓN DEL CENTRO DE D,300732.24,20.02,4.56,4,2,False,False
7921,Fundación Gilberto Alzate Avendaño,FORTALECIMIENTO INSTITUCIONAL DE LA FUGA BOGOTÁ D.C.,10797.57,24.15,27.24,3,0,False,False
7922,Fundación Gilberto Alzate Avendaño,CONSOLIDACIÓN DEL DISTRITO CREATIVO EN EL BRONX PARA LA RE,46448.69,17.33,57.46,2,1,False,False
7924,Fundación Gilberto Alzate Avendaño,CONSOLIDACIÓN DEL ECOSISTEMA DE LA ECONOMÍA CULTURAL Y CRE,12186.84,27.96,29.21,4,1,False,False
7925,Fundación Gilberto Alzate Avendaño,FORTALECIMIENTO DE ESPACIOS DE TRANSFORMACIÓN CULTURAL  ME,6988.77,35.96,28.48,2,0,False,False
7926,Fundación Gilberto Alzate Avendaño,FORTALECIMIENTO DEL ECOSISTEMA ARTÍSTICO Y CULTURAL EN EL ,12730.24,19.95,29.25,2,0,False,False
7927,Instituto para la Economía Social,FORTALECIMIENTO PARA LA INTEGRACIÓN ECONÓMICA Y PRODUCTIVA,5887.13,13.56,18.41,4,0,False,False
7928,Departamento Administrativo de la Defensoría del Espacio Público,CONSOLIDACIÓN DE LA DEFENSA DEL ESPACIO PÚBLICO Y LA APROP,27748.07,22.75,18.27,4,0,False,False
7929,"Secretaría Distrital de Cultura, Recreación y Deporte",FORTALECIMIENTO DE ALIANZAS ESTRATÉGICAS A NIVEL BILATERAL,106791.14,12.63,22.04,2,0,False,True
7930,Instituto Distrital de Protección y Bienestar Animal,DESARROLLO DE UN PROCESO INSTITUCIONAL DE GESTIÓN DEL CONO,1979.27,20.96,15.57,3,0,False,False
7933,Instituto Distrital de Protección y Bienestar Animal,OPTIMIZACIÓN DE LOS SERVICIOS PARA LA ATENCIÓN INTEGRAL Y ,79227.02,17.54,18.49,6,1,False,False
7934,Instituto para la Economía Social,IMPLEMENTACIÓN DE LA POLÍTICA PÚBLICA DISTRITAL DE VENDEDO,51439.74,22.45,15.7,3,0,False,False
7935,Departamento Administrativo de la Defensoría del Espacio Público,GENERACIÓN DE PROYECTOS DE BIENESTAR CON ENFOQUE DE GÉNERO,3700.85,27.65,13.51,2,0,False,False
7936,Instituto Distrital de Protección y Bienestar Animal,FORTALECIMIENTO DE LA APROPIACIÓN DE LA CULTURA CIUDADANA ,10615.59,27.8,13.12,3,0,False,False
7940,Secretaría Distrital de Integración Social,IMPLEMENTACIÓN DE ESTRATEGIAS DE INCLUSIÓN SOCIAL Y PRODUC,38210.73,22.61,15.68,4,0,False,False
7941,Secretaría Distrital de Movilidad,FORTALECIMIENTO DEL COMPONENTE DE GOBERNANZA PARA LA IMPLE,32045.54,28.29,22.21,3,0,False,False
7942,Secretaría Distrital de Integración Social,FORTALECIMIENTO DE LAS COMISARÍAS DE FAMILIA PARA EL MEJOR,5126.09,0.0,2.59,1,1,False,False
7944,Veeduría Distrital,CONTRIBUCIÓN A UNA CULTURA DE INNOVACIÓN PÚBLICA PARA LA E,2324.63,26.2,30.18,4,0,False,False
7947,Secretaría Distrital de Integración Social,FORTALECIMIENTO DE LA GESTIÓN TERRITORIAL PARA LA PROMOCIÓ,28755.84,19.78,18.38,2,0,False,False
7948,Secretaría Distrital de Integración Social,DESARROLLO DEL ABORDAJE INTEGRAL DEL FENÓMENO DE HABITABIL,258450.78,20.43,20.76,2,0,False,False
7949,Secretaría de Educación del Distrito,MODERNIZACIÓN Y FORTALECIMIENTO DE LOS SISTEMAS DE INFORMA,82835.94,27.27,20.24,1,0,False,False
7950,Instituto para la Economía Social,FORTALECIMIENTO DE LA RUTA DE FORMACIÓN INTEGRAL Y ORIENTA,3438.43,24.69,23.9,2,0,False,False
7951,Instituto Distrital de Protección y Bienestar Animal,MEJORAMIENTO DE LA GESTIÓN PÚBLICA Y ADMINISTRATIVA DEL IN,47319.41,18.4,15.59,10,1,False,False
7953,Secretaría Distrital de Integración Social,GENERACIÓN DEL BIEN-ESTAR ALIMENTARIO Y NUTRICIONAL EN BOG,420621.23,29.47,20.12,2,0,False,False
7954,Instituto para la Economía Social,MANTENIMIENTO PARA FORTALECER LA INFRAESTRUCTURA A TRAVÉS ,36863.31,20.68,6.51,2,0,False,False
7955,Secretaría Distrital de Integración Social,GENERACIÓN DE LA INFORMACIÓN  GESTIÓN DEL CONOCIMIENTO Y L,222891.44,13.58,11.37,4,0,False,False
7956,Instituto para la Economía Social,ADMINISTRACIÓN Y FORTALECIMIENTO DE LAS PLAZAS DISTRITALES,6788.33,21.51,15.73,3,0,False,False
7957,"Secretaría Distrital de Cultura, Recreación y Deporte",FORTALECIMIENTO DE PRÁCTICAS Y TRANSFORMACIONES CULTURALES,48861.92,26.25,20.94,3,0,False,True
7958,Instituto para la Economía Social,APROVECHAMIENTO DEL ESPACIO PÚBLICO DONDE CONVERGE LA POBL,14100.55,18.93,29.31,2,0,False,False
7959,"Secretaría Distrital de Cultura, Recreación y Deporte",FORTALECIMIENTO DE LA SOSTENIBILIDAD ECONÓMICA DEL SECTOR ,39062.12,19.56,27.38,6,0,False,True
7961,Secretaría Distrital de Ambiente,FORTALECIMIENTO DE LA APROPIACIÓN SOCIAL DEL CONOCIMIENTO ,36252.76,19.92,24.2,4,0,False,False
7962,Instituto Distrital de las Artes,CONSOLIDACIÓN DE PROCESOS DESDE LAS ARTES QUE APORTEN AL D,28179.77,16.61,24.35,3,0,False,False
7963,Instituto Distrital del Patrimonio Cultural,DESARROLLO DE INSTRUMENTOS DE PLANEACIÓN Y GESTIÓN TERRITO,9293.51,24.62,21.85,2,0,False,False
7965,"Secretaría Distrital de Cultura, Recreación y Deporte",FORTALECIMIENTO DEL FOMENTO PARA EL DESARROLLO DE PROCESOS,121933.94,23.79,24.42,6,0,False,True
7970,"Secretaría Distrital de Cultura, Recreación y Deporte",FORTALECIMIENTO DEL ACCESO A LA CULTURA ESCRITA DE LOS HAB,168740.7,19.47,23.28,3,1,False,True
7971,Departamento Administrativo del Servicio Civil Distrital,DESARROLLO DE CAPACIDADES PARA UNA GESTIÓN INNOVADORA E IN,6484.81,27.66,20.24,3,0,False,False
7972,Instituto Distrital para la Protección de la Niñez y la Juventud,FORTALECIMIENTO DE LA INFRAESTRUCTURA TECNOLÓGICA Y DE COM,19905.72,13.5,18.53,1,0,False,False
7975,Secretaría Distrital de Movilidad,IMPLEMENTACIÓN DE ACCIONES PARA UNA MOVILIDAD SOSTENIBLE  ,130350.78,18.48,9.67,11,0,False,False
7977,Secretaría Distrital de Ambiente,FORTALECIMIENTO DE LA CAPACIDAD EN LA GESTIÓN LEGAL AMBIEN,3033.27,26.73,22.16,2,0,False,False
7978,Veeduría Distrital,CONTROL SOCIAL PARA LA PROMOCIÓN DE LA CULTURA DE INTEGRID,3683.62,16.03,30.22,3,0,False,False
7979,Instituto Distrital de las Artes,CONSOLIDACIÓN DE PROCESOS CREATIVOS  INNOVADORES  INCLUYEN,70772.54,23.6,35.29,5,0,False,False
7980,Secretaría Distrital de Movilidad,IMPLEMENTACIÓN DE INTERVENCIONES INTEGRALES DE CULTURA  CO,36390.8,19.9,15.08,3,0,False,False
7981,Veeduría Distrital,FORTALECIMIENTO DE CAPACIDADES INSTITUCIONALES Y TECNOLÓGI,2778.03,25.91,16.15,7,5,False,False
7982,Secretaría Distrital de Movilidad,MEJORAMIENTO Y MANTENIMIENTO DE LOS SERVICIOS DE TI ASOCIA,127277.68,21.55,12.11,3,0,False,False
7983,Secretaría Distrital de Gobierno,FORTALECIMIENTO DE LA GESTIÓN POLICIVA EN BOGOTÁ D.C.,23207.94,19.34,22.38,4,0,False,False
7984,Caja de la Vivienda Popular,MEJORAMIENTO INTEGRAL DE BARRIOS CON ENTORNOS SEGUROS BOGO,90823.69,0.0,9.43,1,1,False,False
7986,Secretaría Distrital de Hacienda,MEJORAMIENTO DE LOS INGRESOS TRIBUTARIOS BOGOTÁ D.C.,27990.0,24.31,24.52,2,0,False,False
7988,Secretaría Distrital de Gobierno,FORTALECIMIENTO DE LA CAPACIDAD INSTITUCIONAL Y DE LOS ACT,5118.43,27.03,5.14,2,1,False,False
7990,"Secretaría Distrital de Cultura, Recreación y Deporte",ASISTENCIA TÉCNICA PARA EL DESARROLLO DE INFRAESTRUCTURAS ,171696.44,43.56,12.11,4,0,False,True
7991,"Secretaría Distrital de Cultura, Recreación y Deporte",INNOVACIÓN Y CAMBIO CULTURAL PARA LA TRANSFORMACIÓN DE COM,21825.76,6.99,17.56,2,0,False,True
7992,Jardín Botánico José Celestino Mutis,CONSOLIDACIÓN DE LAS COBERTURAS VEGETALES COMO ESTRATEGIA ,27158.26,17.81,17.11,5,0,False,False
7996,Secretaría Distrital de Movilidad,FORTALECIMIENTO DEL PROGRAMA NIÑAS Y NIÑOS PRIMERO PARA ME,72464.51,20.9,17.28,4,0,False,False
7997,Instituto Distrital de las Artes,GENERACIÓN DE CONTENIDOS DIGITALES DE EXPERIENCIAS Y FORMA,2084.09,24.53,34.19,2,0,False,False
7998,Secretaría Distrital de Movilidad,FORTALECIMIENTO DE LA RED DE CICLOINFRAESTRUCTURA EN LA CI,6098.95,22.07,21.85,2,0,False,False
8000,Secretaría Distrital de Movilidad,FORTALECIMIENTO DEL SISTEMA DE SEÑALIZACIÓN PARA LA MOVILI,274776.17,35.74,17.69,3,0,False,False
8001,Secretaría Distrital de Movilidad,CONSOLIDACIÓN DE LAS INTERVENCIONES EN EL ESPACIO PÚBLICO ,282695.85,17.46,8.69,7,1,False,False
8002,Instituto Distrital de las Artes,CONSOLIDACIÓN DE LA RED DE ESCENARIOS CULTURALES EN BOGOTÁ,83063.06,20.02,32.89,1,0,False,False
8004,Secretaría Distrital de Gobierno,IMPLEMENTACIÓN DE LA ESTRATEGIA DE PARTICIPACIÓN CIUDADANA,4054.79,9.41,15.3,2,0,False,False
8005,Caja de la Vivienda Popular,MEJORAMIENTO INTEGRAL DE VIVIENDA A FAMILIAS EN CONDICIONE,36153.79,0.48,24.81,2,1,False,False
8007,Secretaría Distrital de Ambiente,FORTALECIMIENTO INSTITUCIONAL PARA LA GESTIÓN AMBIENTAL BO,35825.4,7.97,8.81,9,1,False,False
8009,Secretaría Distrital de Movilidad,FORTALECIMIENTO DE LAS INTERVENCIONES DE CONTROL Y PREVENC,198304.51,19.91,11.42,2,0,False,False
8010,Secretaría Distrital de Gobierno,FORTALECIMIENTO DE LA CAPACIDAD INSTITUCIONAL Y DE LOS ACT,9841.36,21.01,24.14,4,0,False,False
8011,Secretaría Distrital de Ambiente,FORTALECIMIENTO EN LA EVALUACIÓN  SEGUIMIENTO Y CONTROL AM,191325.7,19.19,12.67,15,0,False,False
8012,Secretaría Distrital de Movilidad,IMPLEMENTACIÓN DE ESPACIOS DE PARTICIPACIÓN CIUDADANA INCI,5818.48,25.0,17.82,1,0,False,False
8013,Caja de la Vivienda Popular,CONTRIBUCIÓN EN LA FORMALIZACIÓN DE VIVIENDA DE BARRIOS LE,11080.94,0.07,33.04,4,3,False,False
8014,Instituto de Desarrollo Urbano,FORTALECIMIENTO DEL MODELO DE OPERACIÓN INSTITUCIONAL DEL ,1676.87,18.25,0.98,1,0,False,False
8015,Instituto de Desarrollo Urbano,CONSTRUCCIÓN DE INFRAESTRUCTURA DE TRANSPORTE PARA UNA MOV,606559.15,7.52,1.98,17,10,False,False
8017,Secretaría Distrital de Ambiente,INCORPORACIÓN DE CRITERIOS DE ECOURBANISMO  PRODUCCIÓN Y C,22347.44,21.76,14.28,3,0,False,False
8018,Jardín Botánico José Celestino Mutis,FORTALECIMIENTO DE LA AGRICULTURA URBANA EN EL DISTRITO CA,11320.9,28.65,24.78,5,0,False,False
8019,Contraloría Distrital,IMPLEMENTACIÓN DEL CONTROL FISCAL DIGITAL AL SERVICIO DEL ,58104.73,12.08,18.81,11,9,False,False
8020,Secretaría Distrital de Gobierno,FORTALECIMIENTO DE LAS RELACIONES ESTRATÉGICAS DE LOS ACTO,1333.51,22.01,30.07,2,0,False,False
8021,Contraloría Distrital,FORTALECIMIENTO DE LA CAPACIDAD INSTITUCIONAL DE LA CONTRA,5073.36,22.36,26.6,4,0,False,False
8022,Instituto de Desarrollo Urbano,CONSOLIDACIÓN DEL SISTEMA DEL ESPACIO PÚBLICO  PARA BRINDA,724724.37,17.28,3.94,6,2,False,False
8023,Secretaría Distrital de Planeación,DESARROLLO DE UN MODELO DE GOBERNANZA COLABORATIVA Y MULTI,1684.14,22.5,29.48,1,0,False,False
8024,Instituto Distrital de las Artes,FORTALECIMIENTO Y POSICIONAMIENTO DEL SECTOR ARTÍSTICO MED,7591.19,16.7,20.28,3,0,False,False
8025,Instituto Distrital de la Participación y Acción Comunal,IMPLEMENTACIÓN DEL APROVECHAMIENTO EN BIENES FISCALES Y EN,1458.81,17.15,28.73,3,0,False,False
8026,Departamento Administrativo de la Defensoría del Espacio Público,FORTALECIMIENTO DEL PROCESO DE ACTUALIZACIÓN DEL INVENTARI,29218.79,37.63,21.14,6,0,False,False
8027,"Secretaría Distrital de Cultura, Recreación y Deporte",FORTALECIMIENTO DE LA GOBERNANZA TERRITORIAL  LA PARTICIPA,19141.16,18.01,14.09,2,0,False,True
8028,Instituto Distrital de las Artes,IMPLEMENTACIÓN DE PROCESOS DE FORMACIÓN ARTÍSTICA CON LAS ,85851.41,23.51,29.36,5,0,False,False
8029,"Agencia Distrital para la Educación Superior, la Ciencia y la Tecnología",FORTALECIMIENTO INSTITUCIONAL PARA LA GESTIÓN DE LA EDUCAC,19456.44,8.22,22.38,7,2,False,False
8031,Secretaría de Educación del Distrito,IMPLEMENTACIÓN DEL PROGRAMA DE CONVIVENCIA Y SALUD MENTAL ,124764.31,33.38,21.99,5,0,False,False
8032,Instituto de Desarrollo Urbano,CONSOLIDACIÓN DE INFRAESTRUCTURA VIAL Y CICLO INFRAESTRUCT,4507432.81,11.87,3.14,22,10,False,False
8034,Secretaría Distrital de Planeación,FORTALECIMIENTO DE LOS PROCESOS DE INFORMACIÓN PARA LA TOM,53719.35,24.59,59.07,5,0,False,False
8036,"Secretaría Distrital de Cultura, Recreación y Deporte",FORTALECIMIENTO INSTITUCIONAL PARA UNA GOBERNANZA PÚBLICA ,22846.46,18.9,18.77,3,0,False,True
8037,Secretaría Distrital de Gobierno,IMPLEMENTACION DE ACCIONES ORIENTADAS A LA GESTION PUBLICA,9695.18,19.26,29.3,3,0,False,False
8039,Caja de la Vivienda Popular,FORTALECIMIENTO DE LA CAPACIDAD INSTITUCIONAL PARA LA MODE,60137.3,18.45,25.18,3,0,False,False
8040,Caja de la Vivienda Popular,TITULACIÓN DE PREDIOS E INICIACIÓN DE VIVIENDAS NUEVAS BOG,42783.27,10.33,24.66,3,2,False,False
8041,"Agencia Distrital para la Educación Superior, la Ciencia y la Tecnología",CONSOLIDACIÓN DEL ECOSISTEMA DE CIENCIA  TECNOLOGÍA E INNO,407847.93,12.03,22.33,6,4,False,False
8042,Secretaría de Educación del Distrito,CONSOLIDACIÓN DE LAS TRAYECTORIAS EDUCATIVAS EN CONDICIONE,33505.42,23.45,24.28,3,0,False,False
8043,Secretaría Distrital de Planeación,CONTRIBUCIÓN A LA CONCRECIÓN DEL MODELO DE ORDENAMIENTO TE,1149.26,22.0,32.44,1,0,False,False
8044,Contraloría Distrital,FORTALECIMIENTO DE LA GESTIÓN Y LA INFRAESTRUCTURA DE TI Q,3157.55,33.33,28.95,1,0,False,False
8045,Secretaría Distrital de Planeación,IMPLEMENTACIÓN DE RETOS Y USO DE METODOLOGÍAS DE INNOVACIÓ,3819.01,22.25,22.7,4,0,False,False
8047,Secretaría Distrital de Integración Social,GENERACIÓN DE RESPUESTAS INTEGRADORAS PARA LA INCLUSIÓN SO,13731.22,18.47,18.36,4,1,False,False
8049,Instituto Distrital de Gestión de Riesgos y Cambio Climático,INCREMENTO DE LAS ACCIONES DE REDUCCIÓN DEL RIESGO Y ADAPT,14425.81,6.43,5.97,3,1,False,False
8050,Instituto Distrital de las Artes,IMPLEMENTACIÓN DE PRÁCTICAS ARTÍSTICAS Y CREATIVAS PARA LA,23185.27,16.06,16.66,4,0,False,False
8051,Contraloría Distrital,FORTALECIMIENTO DEL CONTROL SOCIAL COMO INSUMO PARA EL CON,3350.52,20.98,24.79,3,0,False,False
8052,Secretaría Distrital de Planeación,FORTALECIMIENTO DEL MODELO DE OPERACIÓN DE LA SDP A TRAVÉS,21255.61,17.74,28.75,2,0,False,False
8053,Secretaría de Educación del Distrito,FORTALECIMIENTO DE LA ATENCIÓN INTEGRAL A LA PRIMERA INFAN,1019.47,22.0,21.76,1,0,False,False
8054,Secretaría Distrital de Ambiente,FORTALECIMIENTO DE LA PLANEACIÓN Y GESTIÓN DEL CONOCIMIENT,31052.64,19.47,19.84,7,0,False,False
8055,Unidad Administrativa Especial de Rehabilitación y Mantenimiento Vial,CONSERVACIÓN DE LA RED DE INFRAESTRUCTURA PEATONAL EN BOGO,26546.5,21.71,15.3,1,0,False,False
8056,Instituto Distrital de Gestión de Riesgos y Cambio Climático,GENERACIÓN DE ACCIONES PARA LA REDUCCIÓN DE LA CONDICIÓN D,21817.23,28.51,22.02,3,1,False,False
8057,Secretaría Distrital de Planeación,IMPLEMENTACIÓN DEL MODELO COLABORATIVO PARA LA PARTICIPACI,11823.18,22.69,28.77,3,0,False,False
8059,Secretaría Distrital de Hacienda,RECUPERACIÓN Y GESTIÓN DE LA CARTERA MOROSA BOGOTÁ D.C.,8836.35,0.0,0.0,2,2,False,False
8061,Secretaría Distrital de Ambiente,FORTALECIMIENTO DE LA GESTIÓN DE TI EN LA SECRETARÍA DISTR,25135.0,24.47,17.3,3,0,False,False
8065,Instituto Distrital de Gestión de Riesgos y Cambio Climático,FORTALECIMIENTO DE LA GOBERNANZA DEL RIESGO Y ADAPTACIÓN A,4985.29,14.99,12.7,4,0,False,False
8067,Secretaría Distrital de Hacienda,FORTALECIMIENTO DE LA EXPERIENCIA CIUDADANA CON LOS SERVIC,11564.92,0.52,0.0,2,1,False,False
8068,Instituto Distrital de las Artes,IMPLEMENTACIÓN DEL ECOSISTEMA SOSTENIBLE PARA LAS ARTES EN,6971.6,10.53,31.59,4,0,False,False
8070,Secretaría Distrital de Desarrollo Económico,FORTALECIMIENTO DE LA ARTICULACIÓN DEL ECOSISTEMA CTEI  EN,56173.93,25.94,47.69,3,1,False,False
8071,Caja de la Vivienda Popular,TRASLADO DE HOGARES LOCALIZADOS EN ZONAS DE ALTO RIESGO NO,38665.95,17.9,12.98,5,0,False,False
8072,Instituto Distrital de Turismo,DESARROLLO DE ACCIONES DE MARKETING QUE PERMITAN EL POSICI,11756.69,21.3,17.53,1,0,False,False
8073,Jardín Botánico José Celestino Mutis,INVESTIGACIÓN FORTALECIMIENTO DEL TROPICARIO DEL JARDÍN BO,5991.8,19.28,18.63,3,0,False,False
8074,Secretaría Distrital de Planeación,FORTALECIMIENTO DE LA INFORMACIÓN OPORTUNA  CLARA Y CONFIA,619.01,0.0,0.0,1,1,False,False
8076,Instituto Distrital de Gestión de Riesgos y Cambio Climático,GENERACIÓN DE CONOCIMIENTO DEL RIESGO DE DESASTRES Y LOS E,21354.75,47.41,12.15,3,0,False,False
8077,Instituto Distrital de las Artes,FORTALECIMIENTO DE LAS PRÁCTICAS ARTÍSTICAS EN EL ESPACIO ,134155.24,13.54,34.85,6,0,False,False
8078,Instituto Distrital de Turismo,DESARROLLO DE ESTRATEGIAS DE MERCADEO Y FORTALECIMIENTO DE,380.01,0.0,6.01,1,1,False,False
8080,Instituto Distrital de la Participación y Acción Comunal,FORMACIÓN EN CAPACIDADES DEMOCRÁTICAS EN INTERRELACIÓN CON,14378.95,26.24,28.8,2,0,False,False
8081,Unidad Administrativa Especial de Rehabilitación y Mantenimiento Vial,CONSERVACIÓN DE LA RED VIAL Y RED DE CICLOINFRAESTRUCTURA ,520121.77,29.1,9.61,6,1,False,False
8082,Secretaría Distrital de Hacienda,FORTALECIMIENTO INSTITUCIONAL DE LA SECRETARÍA DISTRITAL D,22938.54,8.65,1.97,7,3,False,False
8083,Instituto Distrital de Turismo,FORTALECIMIENTO DEL FONDO DE DESARROLLO TURÍSTICO DE BOGOT,46.8,0.0,100.0,5,5,False,False
8084,Secretaría Distrital del Hábitat,ASISTENCIA TÉCNICA PARA LA HABILITACIÓN DE SUELO Y LA GEST,21961.66,11.04,31.47,6,0,False,False
8085,Secretaría Distrital del Hábitat,DESARROLLO DE ESTRATEGIAS QUE PROMUEVAN LA PARTICIPACIÓN C,15720.67,30.25,21.36,4,0,False,False
8086,Secretaría Distrital de Ambiente,INCREMENTO DE LAS ACCIONES QUE CONTRIBUYEN A LA ADAPTACIÓN,41504.81,22.16,11.85,3,1,False,False
8087,Jardín Botánico José Celestino Mutis,INVESTIGACIÓN PARA LA CONSERVACIÓN DE LOS ECOSISTEMAS Y LA,16756.76,19.65,24.05,8,0,False,False
8088,Secretaría Distrital de Hacienda,FORTALECIMIENTO DE LA CAPACIDAD INSTITUCIONAL PARA RESPOND,36222.62,0.56,3.33,4,2,False,False
8089,Unidad Administrativa Especial de Rehabilitación y Mantenimiento Vial,FORTALECIMIENTO DE LOS COMPONENTES TECNOLÓGICOS PARA GARAN,9718.97,13.7,14.39,2,0,False,False
8090,Secretaría Distrital del Hábitat,SUBSIDIO DISTRITAL DE VIVIENDA PARA EL ACCESO A SOLUCIONES,1172209.27,15.3,35.27,9,4,False,False
8091,Secretaría Distrital del Hábitat,MEJORAMIENTO DE LA PRESTACIÓN Y ACCESO DE LOS SERVICIOS PÚ,7917.98,19.25,21.19,3,0,False,False
8094,Secretaría General,FORTALECIMIENTO DE CAPACIDADES INSTITUCIONALES Y DE LA SOC,11376.93,0.0,18.57,2,2,False,False
8095,Unidad Administrativa Especial de Rehabilitación y Mantenimiento Vial,FORTALECIMIENTO DE LA GESTIÓN INSTITUCIONAL DE LA UAERMV D,99727.1,11.95,15.55,2,0,False,False
8096,Jardín Botánico José Celestino Mutis,CONSOLIDACIÓN DE ACCIONES Y PROCESOS DE EDUCACIÓN AMBIENTA,20456.41,21.11,22.5,7,0,False,False
8097,Instituto Distrital de Turismo,IMPLEMENTACIÓN DE 10 PRODUCTOS QUE APORTEN A MANTENER LA C,7758.31,20.0,12.18,1,0,False,False
8101,Instituto Distrital de Turismo,IMPLEMENTACIÓN DE UN MODELO DE GESTIÓN DE INFORMACIÓN ESTA,8080.7,21.67,13.31,1,0,False,False
8102,Secretaría de Educación del Distrito,FORTALECIMIENTO DE LOS APRENDIZAJES DE LOS ESTUDIANTES MAT,17443.92,13.55,60.17,1,0,False,False
8110,Secretaría General,FORTALECIMIENTO DE LAS TECNOLOGÍAS DE LA INFORMACIÓN Y LAS,41316.05,8.03,25.31,2,1,False,False
8112,Secretaría General,FORTALECIMIENTO DE LA INTERNACIONALIZACIÓN DE BOGOTÁ D.C.,2000.1,32.86,22.39,1,0,False,False
8113,Secretaría Distrital de Salud / Fondo Financiero Distrital de Salud,IMPLEMENTACIÓN DEL MODELO DE SALUD CENTRADO EN ATENCIÓN PR,49578.08,9.54,18.97,1,0,False,False
8115,Secretaría General,FORTALECIMIENTO DE LA CULTURA EN LOS ACTORES PÚBLICOS Y PR,2718.71,18.0,11.97,1,0,False,False
8116,Secretaría General,FORTALECIMIENTO DE LA COMUNICACIÓN PÚBLICA PARA QUE LA CIU,60201.8,19.16,19.03,3,1,False,False
8117,Secretaría General,FORTALECIMIENTO DEL ECOSISTEMA DE INNOVACIÓN PÚBLICA DE BO,5361.62,0.0,12.52,3,3,False,False
8118,Secretaría General,FORTALECIMIENTO DEL ACCESO Y DIFUSIÓN DE LA MEMORIA HISTÓR,3394.23,24.86,25.94,1,0,False,False
8121,Secretaría Distrital de Ambiente,MEJORAMIENTO DE LA CALIDAD DEL AIRE  AUDITIVA Y VISUAL  CO,74311.11,20.33,16.24,19,1,False,False
8122,"Agencia Distrital para la Educación Superior, la Ciencia y la Tecnología",FORTALECIMIENTO E IMPLEMENTACIÓN DE ESTRATEGIAS DE ACCESO ,659389.29,25.72,34.99,4,1,False,False
8123,Secretaría Distrital de Planeación,DESARROLLO DE LAS ACCIONES REQUERIDAS PARA IMPLEMENTAR EL ,3546.48,17.01,29.95,2,0,False,False
8125,Secretaría Distrital del Hábitat,IMPLEMENTACIÓN DE LAS ESTRATEGIAS DE GENERACIÓN Y DIFUSIÓN,9751.41,23.55,24.46,6,0,False,False
8126,Unidad Administrativa Especial Cuerpo Oficial de Bomberos de Bogotá,FORTALECIMIENTO INSTITUCIONAL DE LA UAECOB PARA UN GOBIERN,2960.07,21.36,12.01,2,0,False,False
8127,Secretaría Distrital de Salud / Fondo Financiero Distrital de Salud,TRANSFORMACIÓN DE LA PARTICIPACIÓN SOCIAL PARA EL BIEN-EST,28847.29,16.53,17.51,1,0,False,False
8128,Orquesta Filarmónica de Bogotá,FORTALECIMIENTO CIUDAD CREATIVA DE LA MÚSICA BOGOTÁ D.C.,42031.73,20.6,22.36,2,0,False,False
8130,Secretaría Distrital de Planeación,ASISTENCIA TÉCNICA PARA EL FORTALECIMIENTO DE LA PP LGBTI ,2953.36,18.75,37.53,3,0,False,False
8131,Instituto Distrital de la Participación y Acción Comunal,IMPLEMENTACIÓN DE MECANISMOS DE PARTICIPACIÓN QUE POTENCIA,27910.78,8.81,19.38,4,1,False,False
8132,Secretaría Distrital del Hábitat,IMPLEMENTACIÓN DE ACCIONES Y ESTRATEGIAS QUE GARANTICEN EL,5795.41,34.0,17.39,1,0,False,False
8133,Secretaría Distrital de Planeación,FORTALECIMIENTO PARA EL DESARROLLO DE MECANISMOS E INSTRUM,6448.99,19.89,26.98,4,0,False,False
8134,Secretaría Distrital de Planeación,ASISTENCIA TÉCNICA PARA GENERAR INFORMACIÓN CUALITATIVA Y ,16384.15,18.92,16.16,3,0,False,False
8135,Orquesta Filarmónica de Bogotá,"CONSOLIDACIÓN PROGRAMA DE FORMACIÓN MUSICAL ""VAMOS A LA FI",66124.15,24.09,19.42,5,1,False,False
8136,Instituto Distrital del Patrimonio Cultural,DESARROLLO DE ACCIONES PARA LA GESTIÓN DEL PATRIMONIO ARQU,6366.01,23.7,26.65,2,0,False,False
8137,Orquesta Filarmónica de Bogotá,IMPLEMENTACIÓN PROGRAMA DE FOMENTO DE LA ORQUESTA FILARMÓN,6666.63,27.73,37.51,1,0,False,False
8138,"Agencia Distrital para la Educación Superior, la Ciencia y la Tecnología",IMPLEMENTACIÓN DE ESTRATEGIAS DE FORMACIÓN A TRAVÉS DE CIC,57659.24,10.97,5.08,2,1,False,False
8141,Secretaría Distrital de Salud / Fondo Financiero Distrital de Salud,FORTALECIMIENTO DE LA GOBERNANZA Y GOBERNABILIDAD DE LA SA,95988.57,17.79,27.24,7,0,False,False
8142,Orquesta Filarmónica de Bogotá,MANTENIMIENTO EQUIPAMIENTOS CULTURALES DE LA OFB BOGOTÁ D.,8.74,33.66,0.0,1,0,False,False
8144,Instituto Distrital del Patrimonio Cultural,DESARROLLO DE PROCESOS DE VALORACIÓN  IDENTIFICACIÓN  DOCU,1919.32,21.73,22.62,2,0,False,False
8145,Secretaría Distrital de Salud / Fondo Financiero Distrital de Salud,IMPLEMENTACIÓN DE PROCESOS DE ATENCIÓN PSICOSOCIAL EN LAS ,40039.81,21.92,21.46,1,0,False,False
8146,Instituto Distrital de la Participación y Acción Comunal,CONSTRUCCIÓN DE CIUDADANÍA ACTIVA CRECE LA PARTICIPACIÓN E,29034.53,11.54,17.39,5,0,False,False
8148,Secretaría Distrital del Hábitat,FORTALECIMIENTO EN LA GESTIÓN PÚBLICA INTEGRAL EN LA SDHT ,6860.59,19.0,27.39,1,0,False,False
8150,Instituto Distrital del Patrimonio Cultural,CONSOLIDACIÓN DE ESTRATEGIAS Y MECANISMOS QUE APORTEN AL R,23436.88,19.58,24.28,3,0,False,False
8151,Instituto Distrital del Patrimonio Cultural,DESARROLLO DE PROCESOS PEDAGÓGICOS EN PATRIMONIO CULTURAL ,2333.14,24.94,27.76,3,0,False,False
8152,Instituto Distrital del Patrimonio Cultural,DESARROLLO ACCIONES DE INTERVENCIÓN PARA LA PROTECCIÓN Y C,31729.33,23.37,12.34,1,0,False,False
8153,Universidad Distrital Francisco José de Caldas,AMPLIACIÓN Y MEJORAMIENTO DE LA INFRAESTRUCTURA FÍSICA DE ,66583.79,0.0,3.01,5,5,False,False
8154,Instituto Distrital de Recreación y Deporte,IMPLEMENTACIÓN DE LOS PROGRAMAS DE BOGOTÁ DEPORTIVA DESDE ,234045.67,29.11,21.23,5,1,True,True
8155,Instituto Distrital de Recreación y Deporte,DESARROLLO DE PROGRAMAS RECREATIVOS Y DE ACTIVIDAD FÍSICA ,226570.22,19.63,14.34,9,2,True,True
8156,Secretaría Distrital de Desarrollo Económico,DISEÑO DE LA ESTRATEGIA PARA INCREMENTAR LA PRODUCTIVIDAD ,2921.72,21.15,11.15,2,0,False,False
8157,Secretaría Distrital de Desarrollo Económico,MEJORAMIENTO DE LAS CAPACIDADES DE INNOVACIÓN  PRODUCTIVID,95124.92,4.95,21.43,9,2,False,False
8158,Secretaría Distrital de Desarrollo Económico,GENERACIÓN Y ARTICULACIÓN DE LA INFORMACIÓN SOBRE EL DESAR,23334.29,25.69,18.41,5,0,False,False
8159,Instituto Distrital de Recreación y Deporte,FORMACIÓN INTEGRAL DE LA PRIMERA INFANCIA  INFANCIA  ADOLE,84747.47,24.99,17.63,5,1,False,True
8160,Secretaría Distrital de Desarrollo Económico,FORTALECIMIENTO DE LA CAPACIDAD ADMINISTRATIVA Y TÉCNICA D,17605.61,18.0,24.61,1,0,False,False
8161,Instituto Distrital del Patrimonio Cultural,MEJORAMIENTO DE LA CAPACIDAD INSTITUCIONAL PARA LA ATENCIÓ,11203.42,25.91,26.7,1,0,False,False
8163,Secretaría Distrital de Desarrollo Económico,FORTALECIMIENTO DE LA RUTA INTEGRAL DE EMPLEO Y FORMACIÓN ,212602.91,18.6,10.63,5,0,False,False
8164,Secretaría Distrital de Desarrollo Económico,FORTALECIMIENTO DE LOS NEGOCIOS LOCALES DE LA CIUDAD DE BO,135865.09,21.37,30.53,8,1,False,False
8167,Instituto Distrital de Recreación y Deporte,FORTALECIMIENTO DE LA ECONOMÍA DEL DEPORTE Y LA RECREACIÓN,3123.54,16.79,23.11,1,0,False,True
8168,Instituto Distrital de Recreación y Deporte,FORTALECIMIENTO DE LA GESTIÓN RECREODEPORTIVA  LA PARTICIP,15535.71,3.18,9.51,3,1,False,True
8169,Instituto Distrital de Recreación y Deporte,CONSTRUCCIÓN Y ADECUACIÓN DE PARQUES Y ESCENARIOS RECREODE,190667.84,5.1,1.6,3,1,False,True
8170,Universidad Distrital Francisco José de Caldas,FORTALECIMIENTO DE ESTRATEGIAS PARA DISMINUIR LA TASA DE R,8931.29,27.49,3.55,2,0,False,False
8171,Instituto Distrital del Patrimonio Cultural,IMPLEMENTACIÓN DE PROCESOS DE VALORACIÓN PARA EL INVENTARI,2337.08,4.0,13.33,1,0,False,False
8172,Secretaría Distrital de Desarrollo Económico,FORTALECIMIENTO DE LOS SISTEMAS PRODUCTIVOS ACORDE A LA VO,13387.45,1.58,24.95,2,1,False,False
8173,Unidad Administrativa Especial Cuerpo Oficial de Bomberos de Bogotá,MODERNIZACIÓN DE LAS CAPACIDADES DEL CUERPO OFICIAL DE BOM,150966.38,12.19,9.41,9,1,False,False
8174,Universidad Distrital Francisco José de Caldas,DESARROLLO Y MODERNIZACIÓN DE LOS PROCESOS RELACIONADOS CO,1619.19,9.89,0.0,3,2,False,False
8175,Secretaría Jurídica Distrital,FORTALECIMIENTO ESTRATÉGICO INSTITUCIONAL Y MEJORA DE LA G,1018.96,27.69,33.88,2,1,False,False
8178,Secretaría Distrital de Desarrollo Económico,CONSOLIDACIÓN DEL SISTEMA DE ABASTECIMIENTO Y DISTRIBUCIÓN,19228.76,17.01,20.52,2,0,False,False
8181,Secretaría Distrital de la Mujer,PRODUCCIÓN DE INFORMACIÓN SOBRE LOS DERECHOS DE LAS MUJERE,12070.3,15.47,17.92,2,0,False,False
8187,Secretaría Jurídica Distrital,FORTALECIMIENTO DEL MODELO DE GESTIÓN JURÍDICA Y PREVENCIÓ,6760.18,17.5,24.14,2,0,False,False
8190,Secretaría Distrital de la Mujer,DESARROLLO DE CAPACIDADES DIGITALES PARA POTENCIAR LA INCL,4505.99,19.42,25.91,2,0,False,False
8193,Secretaría Jurídica Distrital,FORTALECIMIENTO INSTITUCIONAL PARA OPTIMIZAR LA GESTIÓN JU,5386.92,12.67,32.06,4,2,False,False
8194,Universidad Distrital Francisco José de Caldas,FORTALECIMIENTO DE LOS COMPONENTES TECNOLÓGICOS PARA LOGRA,28164.84,0.32,0.86,6,5,False,False
8195,Secretaría Jurídica Distrital,FORTALECIMIENTO DE LA CAPACIDAD INSTITUCIONAL Y OPERATIVA ,4849.44,20.02,34.15,2,0,False,False
8196,Instituto para la Investigación Educativa y el Desarrollo Pedagógico,GENERACIÓN Y DIVULGACIÓN DE CONOCIMIENTO PARA EL DESARROLL,4299.09,22.99,21.08,2,1,False,False
8198,Secretaría Distrital de la Mujer,IMPLEMENTACIÓN DE LA ESTRATEGIA DE TRANSFORMACIÓN CULTURAL,7514.49,26.3,22.92,5,0,False,False
8199,Personería Distrital,MODERNIZACIÓN INSTITUCIONAL DE LA PERSONERÍA DE BOGOTÁ D.C,12893.24,8.56,20.0,4,2,False,False
8201,Personería Distrital,FORTALECIMIENTO DE LA GESTIÓN DE LA POTESTAD DISCIPLINARIA,5709.03,10.24,29.29,6,1,False,False
8202,Universidad Distrital Francisco José de Caldas,FORTALECIMIENTO DEL USO Y APROPIACIÓN DE TIC COMO SOPORTE ,5196.81,19.46,0.36,2,0,False,False
8204,Personería Distrital,FORTALECIMIENTO DEL EJERCICIO DE PREVENCIÓN Y CONTROL A LA,17034.81,19.19,14.38,6,0,False,False
8205,Secretaría Distrital de la Mujer,FORTALECIMIENTO DE LA ESTRATEGIA DE ACOGIDA  ATENCIÓN Y PR,60991.66,21.33,21.7,6,0,False,False
8208,Unidad Administrativa Especial de Rehabilitación y Mantenimiento Vial,FORTALECIMIENTO DE LA ATENCIÓN Y PARTICIPACIÓN CIUDADANA C,1332.2,23.0,15.51,1,0,False,False
8209,Personería Distrital,FORTALECIMIENTO DEL EJERCICIO DE PROTECCIÓN DE LOS DERECHO,25019.15,16.85,7.67,13,1,False,False
8210,Secretaría Distrital de la Mujer,CONSOLIDACIÓN DE LA ESTRATEGIA DE JUSTICIA DE GÉNERO COMO ,35792.7,27.31,29.07,4,0,False,False
8212,Universidad Distrital Francisco José de Caldas,FORTALECIMIENTO DE LAS LÍNEAS DE SERVICIOS CRAI QUE CONFOR,11731.29,15.44,2.15,3,0,False,False
8213,Universidad Distrital Francisco José de Caldas,INCREMENTO DEL ACCESO Y EL IMPACTO SOCIO-CULTURAL DE LOS R,9481.97,4.47,1.72,3,1,False,False
8214,"Secretaría Distrital de Seguridad, Convivencia y Justicia",FORTALECIMIENTO DE LAS CAPACIDADES DEL SISTEMA DE OPERACIÓ,410417.02,11.0,11.6,5,4,False,False
8215,Unidad Administrativa Especial de Servicios Públicos,FORTALECIMIENTO DE LA ACTIVIDAD DE APROVECHAMIENTO EN BOGO,52.26,11.78,0.0,1,0,False,False
8216,Universidad Distrital Francisco José de Caldas,FORTALECIMIENTO DE LAS CAPACIDADES DEL SISTEMA DE INVESTIG,29827.44,15.89,3.08,5,0,False,False
8217,Universidad Distrital Francisco José de Caldas,FORTALECIMIENTO DE LA CAPACIDAD PARA LA PRESTACIÓN DEL SER,43622.92,9.49,0.28,3,0,False,False
8218,Unidad Administrativa Especial de Servicios Públicos,MEJORAMIENTO DE LA INFRAESTRUCTURA Y DE LOS SERVICIOS DE D,20442.31,0.0,1.49,1,1,False,False
8219,Secretaría Distrital de la Mujer,FORTALECIMIENTO A LA IMPLEMENTACIÓN  SEGUIMIENTO Y COORDIN,30483.2,0.0,17.72,1,1,False,False
8223,Secretaría Distrital de la Mujer,IMPLEMENTACIÓN DE ESTRATEGIAS DE PARTICIPACIÓN  TERRITORIA,1697.89,22.5,32.62,1,0,False,False
8224,"Secretaría Distrital de Seguridad, Convivencia y Justicia",DESARROLLO DE LAS ESTRATEGIAS PARA LA IMPLEMENTACIÓN DEL S,6832.53,24.75,16.65,1,0,False,False
8230,"Secretaría Distrital de Seguridad, Convivencia y Justicia",FORTALECIMIENTO DE LA GESTIÓN ADMINISTRATIVA Y OPERATIVA D,87692.39,35.0,0.22,1,0,False,False
8232,Secretaría Distrital de la Mujer,IMPLEMENTACIÓN DE ESTRATEGIAS PARA EL EMPODERAMIENTO ECONÓ,1996.62,28.82,24.01,1,0,False,False
8233,"Secretaría Distrital de Seguridad, Convivencia y Justicia",AMPLIACIÓN DE EQUIPAMIENTOS DE JUSTICIA CON ENFOQUE TERRIT,249048.05,1.49,1.44,5,2,False,False
8234,"Secretaría Distrital de Seguridad, Convivencia y Justicia",IMPLEMENTACIÓN DE UN MODELO DE GESTIÓN CARCELARIO Y DE DET,1565.43,25.67,0.89,1,0,False,False
8235,Instituto Distrital de Gestión de Riesgos y Cambio Climático,FORTALECIMIENTO DE LA CAPACIDAD INSTITUCIONAL DE LA ENTIDA,3305.78,21.31,40.05,1,0,False,False
8236,Unidad Administrativa Especial de Servicios Públicos,IMPLEMENTACIÓN DE ESTRATEGIAS INTEGRALES PARA LA GESTIÓN D,8182.66,17.25,15.17,1,0,False,False
8237,Unidad Administrativa Especial de Servicios Públicos,IMPLEMENTACIÓN Y TRANSFORMACIÓN DEL RELLENO SANITARIO DOÑA,30248.83,0.0,32.13,1,1,False,False
8238,Instituto Distrital de la Participación y Acción Comunal,IMPLEMENTACIÓN DE ACCIONES DE INNOVACIÓN SOCIAL QUE PROMUE,1564.33,4.02,24.27,2,1,False,False
8239,Instituto Distrital de Turismo,APOYO A PROYECTOS TURÍSTICOS QUE CONTRIBUYAN AL DESARROLLO,4993.63,4.5,6.13,2,1,False,False
