cod_localidad,localidad,anio,mes,ValorVigente,ValorCompromiso,ValorGiros,giro_mes,compromiso_mes
1,Usaquén,2024,1,92359.937,14770.914824,2989.50582,2989.50582,14770.914824
1,Usaquén,2024,2,92359.937,17311.930315,7296.861518,4307.355697999999,2541.015491000002
1,Usaquén,2024,3,87883.927189,23149.284384,10410.564578,3113.70306,5837.354068999997
1,Usaquén,2024,4,87883.927189,24219.442449,12770.132993,2359.5684149999997,1070.1580649999996
1,Usaquén,2024,5,87883.927189,32448.711049,15217.234068,2447.1010750000005,8229.268600000003
1,Usaquén,2024,6,87883.927189,33418.301113,17444.983583,2227.7495150000013,969.590064
1,Usaquén,2024,7,87883.927189,36646.617499,27445.156582,10000.172998999999,3228.3163859999986
1,Usaquén,2024,8,87883.927189,37323.777915,29328.033781,1882.8771989999987,677.1604159999988
1,Usaquén,2024,9,88133.927189,40830.082353,32737.008134,3408.9743530000014,3506.304437999999
1,Usaquén,2024,10,88133.927189,42576.544484,33936.058898,1199.0507640000033,1746.4621310000002
1,Usaquén,2024,11,88133.927189,48093.392189,36486.411854,2550.352955999995,5516.847705
1,Usaquén,2024,12,88133.927189,80859.74780299999,39070.469029,2584.0571750000017,32766.355613999993
1,Usaquén,2025,1,128486.222,42159.478773999996,1033.639293,1033.639293,42159.478773999996
1,Usaquén,2025,2,128486.222,44459.982301,4848.115984,3814.476691,2300.5035270000008
1,Usaquén,2025,3,119842.221774,49528.594901,7336.325119,2488.209135,5068.6126
1,Usaquén,2025,4,119842.221774,56062.393159,12848.67838,5512.353260999999,6533.7982580000025
1,Usaquén,2025,5,119842.221774,57916.406529,17313.183486,4464.505106000002,1854.0133700000006
1,Usaquén,2025,6,120717.621631,58065.259249999996,22016.567925,4703.384438999998,148.85272099999565
1,Usaquén,2025,7,120717.621631,71737.84423999999,26578.50729,4561.939365000002,13672.584989999996
1,Usaquén,2025,8,123418.427133,80276.025691,46083.241500000004,19504.734210000002,8538.181451000011
1,Usaquén,2025,9,123418.427133,82696.293898,52250.196529,6166.955028999997,2420.268207000001
1,Usaquén,2025,10,123418.427133,99896.129191,56706.031787,4455.835257999999,17199.835292999996
1,Usaquén,2025,11,123418.427133,107552.770768,61403.631731,4697.599944000001,7656.641577000002
1,Usaquén,2025,12,120944.957133,120168.167523,70059.269409,8655.637678,12615.396754999994
1,Usaquén,2026,1,141659.92,61592.683710000005,473.023711,473.023711,61592.683710000005
1,Usaquén,2026,2,141659.92,64944.914214000004,7050.926646,6577.902935,3352.230503999999
1,Usaquén,2026,3,141659.92,67629.020907,12742.208079,5691.281433,2684.1066929999943
1,Usaquén,2026,4,131076.057114,67646.80467400001,19678.434269999998,6936.226190999998,17.78376700001536
1,Usaquén,2026,5,131076.057114,68765.766495,26374.666792,6696.232522000002,1118.9618209999899
2,Chapinero,2024,1,60097.964,26894.676682,572.139348,572.139348,26894.676682
2,Chapinero,2024,2,58912.918695,27173.039782,2111.477424,1539.338076,278.36309999999867
2,Chapinero,2024,3,58912.918695,28109.708131,3748.747906,1637.270482,936.6683489999996
2,Chapinero,2024,4,58912.918695,29313.310055,5562.136399,1813.388493,1203.6019240000023
2,Chapinero,2024,5,58912.918695,26329.931094,7269.581957,1707.4455580000003,-2983.378961000002
2,Chapinero,2024,6,58912.918695,26874.169145,8141.046522,871.4645649999993,544.2380510000003
2,Chapinero,2024,7,60279.918695,33021.870774,9688.218368,1547.1718460000002,6147.701629000003
2,Chapinero,2024,8,60279.918695,35370.758528,13062.682667000001,3374.464299000001,2348.8877539999958
2,Chapinero,2024,9,60279.918695,37483.94266,16896.792689,3834.1100220000008,2113.184132000002
2,Chapinero,2024,10,63598.610917,40379.796106,19081.864603,2185.071914,2895.853446000001
2,Chapinero,2024,11,63598.610917,41611.82349,22720.772329,3638.9077259999976,1232.027384000001
2,Chapinero,2024,12,63598.610917,58271.189431,25265.342018,2544.569689,16659.365940999996
2,Chapinero,2025,1,77638.649,33201.49011,1460.873792,1460.873792,33201.49011
2,Chapinero,2025,2,77638.649,34271.644344,2757.13283,1296.259038,1070.1542340000015
2,Chapinero,2025,3,73457.004413,39587.810744,4496.499893,1739.3670630000001,5316.166400000002
2,Chapinero,2025,4,73457.004413,40862.790678,6896.5047970000005,2400.0049040000004,1274.9799339999954
2,Chapinero,2025,5,73457.004413,45367.297931,8513.840572000001,1617.3357750000005,4504.507253000003
2,Chapinero,2025,6,73457.004413,45614.686238999995,16388.081331999998,7874.240759999997,247.38830799999414
2,Chapinero,2025,7,73457.004413,48364.464115999996,18776.130274,2388.0489420000013,2749.7778770000004
2,Chapinero,2025,8,73457.004413,50746.888263,22209.542460999997,3433.412186999998,2382.424147000005
2,Chapinero,2025,9,73457.004413,51908.409909999995,25614.987276,3405.4448150000026,1161.5216469999941
2,Chapinero,2025,10,77249.052581,52701.931744,29607.767888000002,3992.7806120000023,793.5218340000065
2,Chapinero,2025,11,77249.052581,57801.461936,34225.233381,4617.465492999996,5099.530191999998
2,Chapinero,2025,12,75924.828581,69147.513177,38452.727001,4227.493620000001,11346.051241000001
2,Chapinero,2026,1,76372.595,38890.790176,1504.2188840000001,1504.2188840000001,38890.790176
2,Chapinero,2026,2,76372.595,41094.230879,5357.227563,3853.0086790000005,2203.440703
2,Chapinero,2026,3,69233.00917599999,41132.798346,6525.209204,1167.9816409999994,38.56746700000076
2,Chapinero,2026,4,69233.00917599999,41106.380336999995,7962.7392629999995,1437.5300589999997,-26.41800900000817
2,Chapinero,2026,5,69233.00917599999,41126.007323,9455.496519,1492.7572560000008,19.626986000002944
3,Santa Fe,2024,1,95024.198,34312.710301,2540.967263,2540.967263,34312.710301
3,Santa Fe,2024,2,84114.130404,38072.779094,4653.363725,2112.396462,3760.0687929999985
3,Santa Fe,2024,3,84114.130404,40916.801894,6961.35331,2307.9895850000003,2844.022799999999
3,Santa Fe,2024,4,84114.130404,41625.123847999996,15073.767405999999,8112.414095999999,708.3219539999991
3,Santa Fe,2024,5,84114.130404,46057.056966,18425.294167,3351.526761000001,4431.933118000001
3,Santa Fe,2024,6,84114.130404,65988.523062,25293.190747,6867.8965800000005,19931.466095999996
3,Santa Fe,2024,7,84249.130404,71760.196125,31264.707148,5971.516401000001,5771.673063000009
3,Santa Fe,2024,8,84249.130404,72130.992224,37017.898383,5753.191234999998,370.79609899999923
3,Santa Fe,2024,9,86249.130404,73714.396322,39281.625237,2263.7268540000005,1583.404097999999
3,Santa Fe,2024,10,86249.130404,75878.349025,45503.632936,6222.007699000002,2163.9527030000027
3,Santa Fe,2024,11,86249.130404,77996.46273300001,48863.15663,3359.523693999996,2118.1137080000044
3,Santa Fe,2024,12,86249.130404,82916.904067,50653.603453,1790.4468230000057,4920.441333999988
3,Santa Fe,2025,1,98001.031,32446.664414,3659.3540789999997,3659.3540789999997,32446.664414
3,Santa Fe,2025,2,98001.031,38787.481814,7133.7967180000005,3474.442639000001,6340.8174
3,Santa Fe,2025,3,98001.031,40330.442358,9170.510327,2036.7136089999995,1542.9605440000014
3,Santa Fe,2025,4,98001.031,41200.846461,10517.471226,1346.9608989999997,870.4041030000008
3,Santa Fe,2025,5,91952.44861400001,43030.215874,12239.100833,1721.6296070000008,1829.3694130000003
3,Santa Fe,2025,6,98077.848471,48351.470474,18045.974558,5806.873725000001,5321.2546
3,Santa Fe,2025,7,98077.848471,50668.096774,20467.560115,2421.5855569999985,2316.6262999999963
3,Santa Fe,2025,8,99889.33264800001,62081.998431,34713.835579,14246.275463999998,11413.901657000002
3,Santa Fe,2025,9,99889.33264800001,62646.875988,36997.233991,2283.3984120000023,564.8775569999998
3,Santa Fe,2025,10,99889.33264800001,64338.75067,38812.254337,1815.0203459999975,1691.8746820000015
3,Santa Fe,2025,11,99648.381291,82210.214603,41253.381,2441.1266630000027,17871.463933
3,Santa Fe,2025,12,97973.264648,97920.927493,47550.704606,6297.323605999998,15710.712889999995
3,Santa Fe,2026,1,112781.833,62887.640587,1420.384532,1420.384532,62887.640587
3,Santa Fe,2026,2,112781.833,67240.20748699999,5945.9786540000005,4525.594122,4352.566899999991
3,Santa Fe,2026,3,112781.833,67342.920693,8270.799527,2324.8208729999988,102.71320600000035
3,Santa Fe,2026,4,107759.692887,66455.055112,13058.689104,4787.889577,-887.8655809999909
3,Santa Fe,2026,5,107759.692887,66269.28421700001,16623.594485,3564.9053810000023,-185.7708949999942
4,San Cristóbal,2024,1,187380.274,17144.520745,4437.269447,4437.269447,17144.520745
4,San Cristóbal,2024,2,187380.274,44059.305357,10744.812571999999,6307.543124999999,26914.784611999996
4,San Cristóbal,2024,3,187380.274,54582.656639,17183.349932,6438.537360000002,10523.351282000003
4,San Cristóbal,2024,4,185888.698766,56820.118595,21281.227448999998,4097.877516999997,2237.461955999999
4,San Cristóbal,2024,5,185888.698766,79235.155732,27503.242078,6222.014629000001,22415.037137
4,San Cristóbal,2024,6,185888.698766,95538.793351,47827.432384,20324.190306,16303.637619000001
4,San Cristóbal,2024,7,186793.698766,108691.543285,53789.434258,5962.001874000001,13152.749934000007
4,San Cristóbal,2024,8,186793.698766,109946.81048300001,58360.209284,4570.775025999996,1255.2671980000014
4,San Cristóbal,2024,9,186793.698766,117791.026988,67438.345361,9078.136077000003,7844.216504999989
4,San Cristóbal,2024,10,186793.698766,122444.08677600001,75932.460526,8494.115164999996,4653.059788000013
4,San Cristóbal,2024,11,186793.698766,133151.165094,81645.135405,5712.674878999998,10707.078317999985
4,San Cristóbal,2024,12,186793.698766,184551.185602,90254.057118,8608.921713000003,51400.020508000016
4,San Cristóbal,2025,1,229373.978,24527.556484,4578.202889,4578.202889,24527.556484
4,San Cristóbal,2025,2,229373.978,101420.88990499999,13208.274471,8630.071582,76893.33342099999
4,San Cristóbal,2025,3,229373.978,111141.32184599999,21591.427098,8383.152627,9720.431941000003
4,San Cristóbal,2025,4,225168.956484,118809.862952,28159.684527,6568.257429000001,7668.541106000004
4,San Cristóbal,2025,5,225168.956484,125330.957142,37510.578385,9350.893858,6521.094190000003
4,San Cristóbal,2025,6,225168.956484,126547.140269,45206.756382,7696.177996999999,1216.1831269999966
4,San Cristóbal,2025,7,225168.956484,139286.780762,50796.719834,5589.963452000004,12739.640493000014
4,San Cristóbal,2025,8,225168.956484,146239.459345,73064.015009,22267.295174999992,6952.678583000001
4,San Cristóbal,2025,9,225168.956484,168345.17775600002,83522.013399,10457.998390000008,22105.71841100001
4,San Cristóbal,2025,10,226582.86763,184879.120047,91613.266556,8091.253156999999,16533.942290999985
4,San Cristóbal,2025,11,226582.86763,200870.101777,100865.18381100001,9251.917255000008,15990.98173
4,San Cristóbal,2025,12,222437.19263,221851.300743,112308.43865600001,11443.254845000003,20981.198965999996
4,San Cristóbal,2026,1,240261.742,50062.324314,19895.516198,19895.516198,50062.324314
4,San Cristóbal,2026,2,240261.742,156102.184459,24558.695313,4663.179114999999,106039.86014500001
4,San Cristóbal,2026,3,240261.742,156559.83617,34677.114081,10118.418768,457.65171099998406
4,San Cristóbal,2026,4,237233.342087,159475.045967,44462.841227,9785.727145999997,2915.2097970000177
4,San Cristóbal,2026,5,237233.342087,163797.20000399998,57644.641897,13181.800670000004,4322.154036999971
5,Usme,2024,1,210663.15,72554.916202,2095.603141,2095.603141,72554.916202
5,Usme,2024,2,210663.15,77708.701889,12534.294082999999,10438.690942,5153.7856870000105
5,Usme,2024,3,190474.668452,82140.67162299999,18461.501415,5927.207332,4431.969733999984
5,Usme,2024,4,190474.668452,87422.153393,24249.987497,5788.486081999999,5281.481770000013
5,Usme,2024,5,190474.668452,91274.98784,30201.371757,5951.3842600000025,3852.834447000001
5,Usme,2024,6,191785.668452,99905.928862,38512.797823,8311.426066,8630.941021999999
5,Usme,2024,7,191785.668452,121131.772744,41476.140385,2963.342561999998,21225.843882
5,Usme,2024,8,191785.668452,131076.536859,56430.888588,14954.748203000003,9944.764115000013
5,Usme,2024,9,191785.668452,137171.831508,65127.959535,8697.070947,6095.294648999989
5,Usme,2024,10,191785.668452,141298.876977,88592.515698,23464.556163,4127.045469000004
5,Usme,2024,11,191785.668452,145924.570025,94921.450161,6328.934462999998,4625.693047999986
5,Usme,2024,12,191785.668452,182434.473468,103541.01042,8619.560259000005,36509.90344300002
5,Usme,2025,1,220190.843,79449.185243,3602.1482779999997,3602.1482779999997,79449.185243
5,Usme,2025,2,220190.843,81479.590116,13217.697739000001,9615.549461000002,2030.4048730000068
5,Usme,2025,3,208554.734048,88091.282316,15806.529948,2588.8322089999983,6611.69219999999
5,Usme,2025,4,208554.734048,96116.757796,23803.002783,7996.4728350000005,8025.475480000008
5,Usme,2025,5,208554.734048,107176.241139,30507.204813,6704.20203,11059.483343
5,Usme,2025,6,208554.734048,107348.641805,44447.628536000004,13940.423723000004,172.40066600000137
5,Usme,2025,7,208554.734048,115071.210452,55918.684983,11471.056446999995,7722.568646999993
5,Usme,2025,8,208554.734048,131998.700603,72180.369412,16261.684429,16927.490151000005
5,Usme,2025,9,210302.118145,143582.655049,79809.691381,7629.321968999997,11583.954445999989
5,Usme,2025,10,210302.118145,144813.63041,90296.28659700001,10486.595216000016,1230.975361000019
5,Usme,2025,11,210302.118145,148391.490983,98520.022066,8223.735468999992,3577.8605729999836
5,Usme,2025,12,206034.505145,202678.530245,110374.684139,11854.662073,54287.039262000006
5,Usme,2026,1,231248.05,63243.701243,1520.311103,1520.311103,63243.701243
5,Usme,2026,2,231248.05,120585.461466,7729.567125,6209.256022,57341.76022299999
5,Usme,2026,3,231248.05,120896.66819899999,14698.105883,6968.538758000001,311.2067329999991
5,Usme,2026,4,231248.05,125840.90451,24647.334518,9949.228635,4944.236311000001
5,Usme,2026,5,219387.134106,126238.48992300002,31274.57864,6627.244122,397.5854130000225
6,Tunjuelito,2024,1,90409.656,32585.674142,481.48179600000003,481.48179600000003,32585.674142
6,Tunjuelito,2024,2,90409.656,34414.163309,7119.756432,6638.274636,1828.4891670000034
6,Tunjuelito,2024,3,90409.656,37980.777204,10870.963539,3751.207107,3566.613894999995
6,Tunjuelito,2024,4,90409.656,41160.995999,14533.37036,3662.4068210000005,3180.2187950000007
6,Tunjuelito,2024,5,80047.831573,41266.443325,18551.414943,4018.044582999999,105.44732600000134
6,Tunjuelito,2024,6,83047.831573,42246.680403,22490.512356,3939.0974129999995,980.2370779999983
6,Tunjuelito,2024,7,83047.831573,50529.911118,27162.357023,4671.844667000001,8283.230715000005
6,Tunjuelito,2024,8,83047.831573,51925.458236,31760.718166,4598.361142999998,1395.547117999995
6,Tunjuelito,2024,9,83047.831573,56594.249149,38039.978897,6279.260731000002,4668.790913000004
6,Tunjuelito,2024,10,83047.831573,61140.257228,42383.708496,4343.729598999998,4546.008078999999
6,Tunjuelito,2024,11,83047.831573,68427.677203,47519.738507,5136.030011000003,7287.419974999997
6,Tunjuelito,2024,12,83047.831573,83044.10429,52931.963271,5412.224763999999,14616.427087000004
6,Tunjuelito,2025,1,94544.731,30394.895419,1131.077331,1131.077331,30394.895419
6,Tunjuelito,2025,2,94544.731,33678.880217,4835.025812,3703.948481,3283.9847979999977
6,Tunjuelito,2025,3,86197.275019,39068.343807,6840.060847,2005.0350349999999,5389.463589999999
6,Tunjuelito,2025,4,86197.275019,44865.147228,9630.878726,2790.817879000001,5796.803421000004
6,Tunjuelito,2025,5,90390.674876,46883.425896,16493.081118,6862.202391999997,2018.278667999999
6,Tunjuelito,2025,6,90390.674876,51343.657135,24441.073936,7947.992818000002,4460.231239000001
6,Tunjuelito,2025,7,90390.674876,52953.224350000004,27976.593234,3535.5192979999993,1609.5672150000028
6,Tunjuelito,2025,8,90390.674876,57970.22807,37154.664887,9178.071652999999,5017.003719999993
6,Tunjuelito,2025,9,92121.791747,59758.486077,41881.329007,4726.664120000001,1788.258007000004
6,Tunjuelito,2025,10,92121.791747,61797.882819,44842.390353,2961.0613460000022,2039.3967419999972
6,Tunjuelito,2025,11,92121.791747,72340.491278,47387.305484000004,2544.9151310000016,10542.608459000003
6,Tunjuelito,2025,12,90292.817747,89012.262806,53760.101883,6372.796398999999,16671.771527999997
6,Tunjuelito,2026,1,96584.51,47972.486433,1044.695914,1044.695914,47972.486433
6,Tunjuelito,2026,2,96584.51,50125.875034,3970.013872,2925.317958,2153.3886009999987
6,Tunjuelito,2026,3,88886.242923,50063.704049,5766.511609,1796.4977370000001,-62.17098499999702
6,Tunjuelito,2026,4,88886.242923,50246.444051,9765.796139,3999.28453,182.74000199999864
6,Tunjuelito,2026,5,88886.242923,49943.80248,13237.786207,3471.990067999999,-302.6415710000001
7,Bosa,2024,1,246510.057,92345.785113,7053.143633,7053.143633,92345.785113
7,Bosa,2024,2,239877.06065499998,95137.04089599999,15257.666038,8204.522405,2791.255782999986
7,Bosa,2024,3,239877.06065499998,96514.133302,20899.366469,5641.700431000001,1377.0924060000107
7,Bosa,2024,4,239877.06065499998,97332.700643,27200.421061,6301.054592,818.5673410000018
7,Bosa,2024,5,239877.06065499998,99430.083139,34900.248149,7699.827087999998,2097.382495999991
7,Bosa,2024,6,241547.06065499998,102570.424277,39503.537902,4603.289752999997,3140.3411380000034
7,Bosa,2024,7,241547.06065499998,108077.659392,42083.880257,2580.3423550000007,5507.235115000003
7,Bosa,2024,8,241547.06065499998,129755.013744,45943.117007,3859.2367500000037,21677.354351999995
7,Bosa,2024,9,241797.06065499998,146510.486005,66512.897788,20569.780781,16755.472261000017
7,Bosa,2024,10,241797.06065499998,149037.396641,86099.632691,19586.734903000004,2526.910635999986
7,Bosa,2024,11,241797.06065499998,156593.772623,91879.971066,5780.338374999992,7556.375981999998
7,Bosa,2024,12,241797.06065499998,238976.03399,100926.476963,9046.505896999995,82382.261367
7,Bosa,2025,1,302711.06,136402.847359,2309.361108,2309.361108,136402.847359
7,Bosa,2025,2,298117.942027,144431.23533300002,15475.244427,13165.883319,8028.387974000012
7,Bosa,2025,3,298117.942027,153152.386197,27777.332824,12302.088397000001,8721.150863999996
7,Bosa,2025,4,298117.942027,158575.373367,34013.271264999996,6235.938440999995,5422.9871699999785
7,Bosa,2025,5,298117.942027,177584.241084,50876.58447,16863.313205000006,19008.867717000016
7,Bosa,2025,6,298117.942027,180231.87540100003,59047.975671,8171.391200999999,2647.634317000018
7,Bosa,2025,7,298117.942027,184610.273055,70063.648929,11015.673258000003,4378.397653999971
7,Bosa,2025,8,298117.942027,204051.860874,83715.959231,13652.310301999998,19441.587819000008
7,Bosa,2025,9,301332.658675,224505.197778,95067.884913,11351.925682000001,20453.336903999996
7,Bosa,2025,10,301332.658675,241729.350003,103099.559512,8031.674599000005,17224.152224999998
7,Bosa,2025,11,301332.658675,264978.284485,116624.51397700001,13524.954465000003,23248.93448200001
7,Bosa,2025,12,296156.146675,294908.13539999997,134776.958547,18152.444569999978,29929.85091499996
7,Bosa,2026,1,333613.098,179847.253556,16434.669632,16434.669632,179847.253556
7,Bosa,2026,2,333613.098,186755.026369,24929.273157,8494.603524999999,6907.772812999989
7,Bosa,2026,3,319395.464853,203595.690207,38756.232346000004,13826.959189000005,16840.663838000008
7,Bosa,2026,4,319395.464853,209618.824823,57435.267035000004,18679.034689,6023.134615999996
7,Bosa,2026,5,319395.464853,207346.159422,70615.437496,13180.170460999994,-2272.6654010000057
8,Kennedy,2024,1,299859.321,65609.747287,9352.79247,9352.79247,65609.747287
8,Kennedy,2024,2,299859.321,112104.730234,16092.566741,6739.774271,46494.982947
8,Kennedy,2024,3,299859.321,113816.164334,24387.158785,8294.592043999999,1711.4340999999986
8,Kennedy,2024,4,299859.321,115821.235716,35088.674923,10701.516137999999,2005.0713819999946
8,Kennedy,2024,5,299489.588684,133888.056145,43060.022093,7971.347170000001,18066.820429000014
8,Kennedy,2024,6,299489.588684,137657.566826,53276.501876,10216.479783000002,3769.510680999985
8,Kennedy,2024,7,301239.588684,143258.472026,57538.026163,4261.524287,5600.905200000008
8,Kennedy,2024,8,301239.588684,202164.28537,70108.622675,12570.596512000004,58905.813343999995
8,Kennedy,2024,9,301239.588684,215994.81814299998,94423.91447599999,24315.291800999985,13830.532772999984
8,Kennedy,2024,10,301239.588684,226308.577495,117031.88105000001,22607.96657400002,10313.759352000023
8,Kennedy,2024,11,301239.588684,236402.36947,127583.720612,10551.839561999994,10093.791975
8,Kennedy,2024,12,301239.588684,287866.5791,143407.370683,15823.650070999982,51464.20962999997
8,Kennedy,2025,1,346048.892,142035.95781599998,9232.592109,9232.592109,142035.95781599998
8,Kennedy,2025,2,346048.892,148240.242516,20653.192274,11420.600165000002,6204.284700000018
8,Kennedy,2025,3,346048.892,161915.17844,35580.243929000004,14927.051655000003,13674.93592399999
8,Kennedy,2025,4,346048.892,168281.61859899998,47894.705773,12314.461843999998,6366.440158999991
8,Kennedy,2025,5,331979.793417,190494.892311,75024.646133,27129.94036,22213.273712000024
8,Kennedy,2025,6,331979.793417,191833.671105,90296.843829,15272.197696000003,1338.7787939999835
8,Kennedy,2025,7,331979.793417,213952.434358,104677.971891,14381.128061999989,22118.763253000012
8,Kennedy,2025,8,331979.793417,245052.629042,137021.730537,32343.758646000002,31100.194683999987
8,Kennedy,2025,9,336502.577229,246438.30977999998,148722.28744000001,11700.556903000019,1385.6807379999955
8,Kennedy,2025,10,336502.577229,307497.513779,159343.35668700002,10621.069247000007,61059.20399899999
8,Kennedy,2025,11,336502.577229,309999.720664,167519.95868,8176.601992999989,2502.2068850000505
8,Kennedy,2025,12,330591.796229,327282.174189,188874.52011100002,21354.56143100001,17282.45352499996
8,Kennedy,2026,1,346239.153,169067.853089,1087.79408,1087.79408,169067.853089
8,Kennedy,2026,2,346239.153,177377.515489,10637.902328,9550.108248,8309.662400000001
8,Kennedy,2026,3,346239.153,177118.276586,17742.955372,7105.053044,-259.2389030000195
8,Kennedy,2026,4,346239.153,185920.97163900002,33271.283876,15528.328504000001,8802.695053000032
8,Kennedy,2026,5,327345.366078,185835.939523,42644.13543,9372.851554,-85.03211600001669
9,Fontibón,2024,1,102882.908,36918.608905,2984.686654,2984.686654,36918.608905
9,Fontibón,2024,2,95085.407905,40929.848905,7420.757037,4436.070383,4011.239999999998
9,Fontibón,2024,3,95085.407905,42515.826905,9152.689028,1731.9319910000004,1585.9780000000028
9,Fontibón,2024,4,95085.407905,45249.620405,13258.597254999999,4105.908226999998,2733.7934999999998
9,Fontibón,2024,5,95085.407905,45953.159405,17771.32213,4512.724875000002,703.538999999997
9,Fontibón,2024,6,95085.407905,46859.175405,22208.466956,4437.144826,906.0160000000033
9,Fontibón,2024,7,96394.407905,54560.096543,26196.548361,3988.081405000001,7700.921137999998
9,Fontibón,2024,8,96394.407905,59810.615394,29190.527837,2993.9794760000004,5250.518851000001
9,Fontibón,2024,9,96644.407905,64924.360594,35393.261837,6202.733999999997,5113.745199999998
9,Fontibón,2024,10,96644.407905,66807.391594,45055.532557,9662.27072,1883.0310000000027
9,Fontibón,2024,11,96644.407905,69684.167927,46188.283362,1132.7508050000033,2876.7763330000016
9,Fontibón,2024,12,96644.407905,92996.711391,50954.665192,4766.381829999998,23312.543464000002
9,Fontibón,2025,1,109311.686,42150.430198999995,1570.784806,1570.784806,42150.430198999995
9,Fontibón,2025,2,109311.686,44765.346864,4585.829468,3015.0446620000002,2614.9166650000043
9,Fontibón,2025,3,109311.686,48626.806864,7330.335144000001,2744.5056760000007,3861.459999999999
9,Fontibón,2025,4,103764.857199,53857.104467000005,9180.356227,1850.0210829999996,5230.297603000006
9,Fontibón,2025,5,103764.857199,59152.592467,11729.579271,2549.2230440000003,5295.487999999998
9,Fontibón,2025,6,103764.857199,63573.560001,18394.237109,6664.657838000001,4420.967533999996
9,Fontibón,2025,7,103764.857199,66718.333885,22786.741518,4392.504408999997,3144.773884000002
9,Fontibón,2025,8,103764.857199,73946.040054,34863.703737,12076.962219000005,7227.706168999997
9,Fontibón,2025,9,103764.857199,75685.229311,37954.138154,3090.4344169999968,1739.1892570000055
9,Fontibón,2025,10,105805.398487,82070.434877,44274.885969,6320.747815000002,6385.205566000004
9,Fontibón,2025,11,105805.398487,84844.25347,49103.198703,4828.312733999999,2773.818592999989
9,Fontibón,2025,12,103773.204487,102826.976178,53207.387542,4104.188838999995,17982.722708
9,Fontibón,2026,1,118564.456,59616.447336,1948.1583170000001,1948.1583170000001,59616.447336
9,Fontibón,2026,2,118564.456,68013.10617900001,4673.304776999999,2725.146459999999,8396.658843000012
9,Fontibón,2026,3,118564.456,68004.33717900001,9426.213141,4752.908364000001,-8.769000000000233
9,Fontibón,2026,4,111311.732636,67761.552142,16138.102966,6711.889825,-242.78503700000874
9,Fontibón,2026,5,111311.732636,67960.452393,21272.567006,5134.464040000001,198.90025099999912
10,Engativá,2024,1,174202.618,54486.810349,6200.142062,6200.142062,54486.810349
10,Engativá,2024,2,157883.35154899998,55329.404146999994,14017.618386,7817.476324,842.5937979999944
10,Engativá,2024,3,157883.35154899998,61098.979947,22247.260597,8229.642211,5769.575800000006
10,Engativá,2024,4,157883.35154899998,64276.161609999996,27589.226622000002,5341.9660250000015,3177.1816629999958
10,Engativá,2024,5,157883.35154899998,67009.204292,35980.634773,8391.408150999996,2733.0426819999993
10,Engativá,2024,6,157883.35154899998,92561.972774,41782.087152,5801.452379000002,25552.768482
10,Engativá,2024,7,157883.35154899998,100763.525612,45850.265494,4068.1783419999992,8201.552838000003
10,Engativá,2024,8,157883.35154899998,102349.901312,56409.972827,10559.707332999998,1586.3757000000041
10,Engativá,2024,9,157883.35154899998,113060.53822999999,66547.206012,10137.233184999997,10710.63691799999
10,Engativá,2024,10,157883.35154899998,117311.30456599999,74318.874412,7771.66840000001,4250.766336000001
10,Engativá,2024,11,157883.35154899998,123256.477787,79269.01689700001,4950.142485000004,5945.173221000005
10,Engativá,2024,12,157883.35154899998,157449.898344,87026.253201,7757.236303999991,34193.42055699999
10,Engativá,2025,1,197355.059,70918.816743,4222.213176,4222.213176,70918.816743
10,Engativá,2025,2,197355.059,79037.094243,13384.426033,9162.212856999999,8118.2774999999965
10,Engativá,2025,3,184692.558143,88936.426943,19061.458619,5677.032586000001,9899.332699999999
10,Engativá,2025,4,184692.558143,93498.844649,23219.02503,4157.566411,4562.4177060000075
10,Engativá,2025,5,184692.558143,102324.483749,31364.619361,8145.594331,8825.6391
10,Engativá,2025,6,184692.558143,103215.817286,41591.179134,10226.559772999997,891.3335369999986
10,Engativá,2025,7,184692.558143,117859.81540600001,51763.70599,10172.526856000004,14643.998120000004
10,Engativá,2025,8,184692.558143,124063.090561,66131.883948,14368.177958,6203.275154999996
10,Engativá,2025,9,187953.660062,126076.470201,73693.732477,7561.848528999995,2013.3796399999992
10,Engativá,2025,10,187953.660062,148388.654936,83684.496747,9990.76427,22312.184735000003
10,Engativá,2025,11,187953.660062,153780.306804,93119.04405499999,9434.547307999994,5391.651867999986
10,Engativá,2025,12,184284.099062,184278.957266,125283.80442,32164.76036500001,30498.65046200002
10,Engativá,2026,1,195367.448,99517.088175,19834.123919999998,19834.123919999998,99517.088175
10,Engativá,2026,2,195367.448,99571.020111,22590.533272,2756.4093520000024,53.931936000008136
10,Engativá,2026,3,169437.091846,100350.183246,30014.860633,7424.327361,779.1631349999952
10,Engativá,2026,4,169437.091846,100392.154246,39238.826930999996,9223.966297999996,41.971000000005006
10,Engativá,2026,5,169437.091846,100535.58123400001,45582.00502,6343.178089000001,143.42698800000653
11,Suba,2024,1,249144.445,72871.430909,7160.719727,7160.719727,72871.430909
11,Suba,2024,2,223490.857782,71150.894118,14791.692468,7630.972741,-1720.536791000006
11,Suba,2024,3,223490.857782,76034.342541,20371.393123,5579.700655000002,4883.448423000009
11,Suba,2024,4,223490.857782,77053.583019,25981.144745,5609.751622,1019.2404779999924
11,Suba,2024,5,223490.857782,78965.833667,31674.917453000002,5693.772708,1912.250648000001
11,Suba,2024,6,223490.857782,81018.259937,35004.704804,3329.787350999999,2052.4262699999963
11,Suba,2024,7,223490.857782,87717.425282,40635.170076,5630.465272000001,6699.165345000001
11,Suba,2024,8,226740.857782,89025.407686,44854.073097,4218.903020999998,1307.9824040000094
11,Suba,2024,9,226740.857782,116369.821156,63437.259487999996,18583.186390999996,27344.41347
11,Suba,2024,10,226740.857782,119804.561638,80978.543082,17541.283594000008,3434.740481999994
11,Suba,2024,11,226740.857782,133811.390292,86908.598643,5930.055561000001,14006.828653999997
11,Suba,2024,12,226740.857782,203995.400898,91831.698986,4923.100342999998,70184.010606
11,Suba,2025,1,305190.924,111280.650379,9298.606683,9298.606683,111280.650379
11,Suba,2025,2,305190.924,122998.548704,16640.224923,7341.618240000002,11717.898325000002
11,Suba,2025,3,305190.924,134997.551504,23312.212008,6671.987084999997,11999.002800000002
11,Suba,2025,4,305190.924,138714.392338,28319.911959999998,5007.699951999999,3716.8408340000024
11,Suba,2025,5,271591.443912,143371.111007,33331.554086000004,5011.642126000006,4656.718668999994
11,Suba,2025,6,275784.843769,144287.042295,40362.419126,7030.865039999997,915.9312879999925
11,Suba,2025,7,275784.843769,180010.770183,64467.085296,24104.666169999997,35723.727887999994
11,Suba,2025,8,275784.843769,194531.81554,84725.807457,20258.722161000005,14521.045357000025
11,Suba,2025,9,280094.97508400003,210975.06883899999,100474.264542,15748.457085000002,16443.253298999975
11,Suba,2025,10,280094.97508400003,235423.305897,112028.50384700001,11554.23930500001,24448.237058000028
11,Suba,2025,11,280094.97508400003,245014.752318,121810.563324,9782.059476999988,9591.446421
11,Suba,2025,12,274906.424084,272900.737535,143572.771708,21762.208383999983,27885.98521700001
11,Suba,2026,1,318429.773,159209.865727,3374.394256,3374.394256,159209.865727
11,Suba,2026,2,318429.773,160723.853168,20529.510255,17155.115999,1513.9874410000048
11,Suba,2026,3,286621.569827,161768.585621,31405.399696,10875.889441,1044.7324530000042
11,Suba,2026,4,286621.569827,161973.960413,41468.289023,10062.889326999997,205.3747919999878
11,Suba,2026,5,286621.569827,166145.923462,54291.235674999996,12822.946651999999,4171.963049000013
12,Barrios Unidos,2024,1,65741.78199999999,19638.939838,1132.4456,1132.4456,19638.939838
12,Barrios Unidos,2024,2,65741.78199999999,20066.199662,3223.2395429999997,2090.7939429999997,427.25982400000066
12,Barrios Unidos,2024,3,61718.150816,21452.121814,4488.120868,1264.8813250000003,1385.9221519999992
12,Barrios Unidos,2024,4,61718.150816,22547.869983,8131.980996,3643.8601280000003,1095.7481690000022
12,Barrios Unidos,2024,5,61718.150816,29021.107844,10355.003056,2223.0220599999993,6473.237860999998
12,Barrios Unidos,2024,6,61718.150816,29244.405145,12295.302239999999,1940.2991839999995,223.29730100000234
12,Barrios Unidos,2024,7,66698.150816,30292.518589,15077.038477,2781.736237000001,1048.1134439999987
12,Barrios Unidos,2024,8,66698.150816,31339.908889,17524.730938,2447.6924610000005,1047.3902999999991
12,Barrios Unidos,2024,9,66698.150816,36230.438596,19223.51438,1698.783442,4890.5297070000015
12,Barrios Unidos,2024,10,66698.150816,38497.298737,25171.844104,5948.329723999999,2266.8601409999974
12,Barrios Unidos,2024,11,66698.150816,40024.832288,27932.032069,2760.187965000001,1527.5335510000004
12,Barrios Unidos,2024,12,66698.150816,60901.551626,32138.744425,4206.712356,20876.719338000003
12,Barrios Unidos,2025,1,81654.686,28943.157200999998,436.893031,436.893031,28943.157200999998
12,Barrios Unidos,2025,2,81654.686,29567.122561,3838.999482,3402.106451,623.965360000002
12,Barrios Unidos,2025,3,81654.686,35330.512861,7323.579679,3484.580197,5763.390300000003
12,Barrios Unidos,2025,4,77592.187201,37519.488473,9635.376468,2311.796789,2188.9756119999947
12,Barrios Unidos,2025,5,77592.187201,42373.476703,16600.736958999998,6965.360490999998,4853.988230000003
12,Barrios Unidos,2025,6,77592.187201,43078.904926999996,20105.687401,3504.950442000001,705.4282239999957
12,Barrios Unidos,2025,7,77592.187201,47734.367942,25494.523444,5388.836042999999,4655.463015000001
12,Barrios Unidos,2025,8,77592.187201,52311.476904999996,31074.514536,5579.991092,4577.108962999999
12,Barrios Unidos,2025,9,80059.32642699999,53318.784106,35882.193304,4807.678768000002,1007.3072010000033
12,Barrios Unidos,2025,10,80059.32642699999,67808.308173,39872.782233,3990.5889289999977,14489.524066999998
12,Barrios Unidos,2025,11,80059.32642699999,71307.038124,43119.122122,3246.3398890000026,3498.729951000001
12,Barrios Unidos,2025,12,78434.142427,78386.865344,47468.426897000005,4349.304775000004,7079.8272200000065
12,Barrios Unidos,2026,1,78764.466,43547.494703000004,705.902061,705.902061,43547.494703000004
12,Barrios Unidos,2026,2,78764.466,44492.679203,3982.8315350000003,3276.9294740000005,945.1844999999958
12,Barrios Unidos,2026,3,78764.466,44704.995471,6967.867243,2985.0357079999994,212.3162680000023
12,Barrios Unidos,2026,4,77663.954447,44725.221588,9078.642044,2110.7748010000005,20.22611699999834
12,Barrios Unidos,2026,5,77663.954447,44619.697041,12791.781494,3713.1394500000006,-105.5245470000009
13,Teusaquillo,2024,1,46167.034,13883.939614,895.7244969999999,895.7244969999999,13883.939614
13,Teusaquillo,2024,2,45107.46823,18713.5498,1926.556462,1030.831965,4829.610186
13,Teusaquillo,2024,3,45107.46823,21018.353,4068.9183780000003,2142.3619160000003,2304.8031999999985
13,Teusaquillo,2024,4,45107.46823,21674.105466,5034.00985,965.0914720000001,655.7524660000017
13,Teusaquillo,2024,5,45107.46823,22123.672714,6527.593545000001,1493.5836950000003,449.5672479999994
13,Teusaquillo,2024,6,45107.46823,23948.277647,7497.632205,970.0386599999993,1824.6049329999987
13,Teusaquillo,2024,7,45107.46823,25037.411645,8661.234051,1163.6018459999996,1089.1339980000012
13,Teusaquillo,2024,8,45357.46823,25990.256375,10451.779086,1790.545035000001,952.8447300000007
13,Teusaquillo,2024,9,45357.46823,28739.114995,11624.907191,1173.1281049999998,2748.858619999999
13,Teusaquillo,2024,10,45357.46823,29809.52329,14034.138892,2409.2317010000006,1070.408295000001
13,Teusaquillo,2024,11,45357.46823,28977.087760000002,15027.872346,993.7334539999993,-832.4355299999988
13,Teusaquillo,2024,12,45357.46823,45137.986051,16416.061666,1388.1893200000013,16160.898290999998
13,Teusaquillo,2025,1,61312.606999999996,28729.418585,1414.0336810000001,1414.0336810000001,28729.418585
13,Teusaquillo,2025,2,61312.606999999996,29823.963665000003,3437.5851180000004,2023.5514370000003,1094.5450800000035
13,Teusaquillo,2025,3,61125.438385,34511.232453000004,5959.404278,2521.8191599999996,4687.268788000001
13,Teusaquillo,2025,4,61125.438385,35127.592309,7011.855855000001,1052.4515770000007,616.3598559999955
13,Teusaquillo,2025,5,61125.438385,35982.298726,10483.011303,3471.1554479999986,854.7064170000012
13,Teusaquillo,2025,6,62310.338242,36600.599307,14411.47013,3928.4588270000004,618.3005809999959
13,Teusaquillo,2025,7,62310.338242,46319.832661,18172.757245,3761.287115000001,9719.233354000004
13,Teusaquillo,2025,8,64107.925723,47760.607903000004,24218.451059,6045.693813999998,1440.7752420000033
13,Teusaquillo,2025,9,64107.925723,50429.678099000004,27218.709474,3000.2584150000002,2669.0701960000006
13,Teusaquillo,2025,10,64107.925723,53979.99667,31830.279677,4611.570202999999,3550.318570999996
13,Teusaquillo,2025,11,64107.925723,56689.995135,33833.886314,2003.6066370000044,2709.998464999997
13,Teusaquillo,2025,12,63010.540723,62011.06074,39101.94307,5268.056755999998,5321.065605000003
13,Teusaquillo,2026,1,57469.705,31630.710469999998,105.918259,105.918259,31630.710469999998
13,Teusaquillo,2026,2,57469.705,31961.83327,2430.905796,2324.987537,331.122800000001
13,Teusaquillo,2026,3,57469.705,32225.105356,6363.779755,3932.8739589999996,263.27208600000085
13,Teusaquillo,2026,4,57469.705,32997.793699,9592.598856,3228.819101000001,772.6883430000016
13,Teusaquillo,2026,5,57469.705,33277.315895,12711.92455,3119.325693999999,279.5221959999981
14,Los Mártires,2024,1,65503.911,23115.821808,204.527753,204.527753,23115.821808
14,Los Mártires,2024,2,65503.911,29625.086221,2402.52902,2198.001267,6509.264413000001
14,Los Mártires,2024,3,65503.911,30384.77922,3821.154063,1418.625043,759.692998999999
14,Los Mártires,2024,4,65503.911,33332.206036,5524.676401,1703.5223379999998,2947.426816000003
14,Los Mártires,2024,5,62097.389186,35286.408701,7672.729278,2148.052877,1954.202664999997
14,Los Mártires,2024,6,62097.389186,38578.917934,8096.017081,423.28780300000017,3292.509232999997
14,Los Mártires,2024,7,62097.389186,40259.836600999995,10743.275995,2647.258914,1680.918666999998
14,Los Mártires,2024,8,64597.389186,41573.453634,12533.68275,1790.406755,1313.6170330000023
14,Los Mártires,2024,9,64597.389186,44345.306498,17114.728718000002,4581.045968000002,2771.8528640000004
14,Los Mártires,2024,10,64597.389186,46102.403432,24412.653556,7297.924837999999,1757.096934000001
14,Los Mártires,2024,11,64597.389186,46913.77468,27308.544787,2895.891230999998,811.3712480000031
14,Los Mártires,2024,12,64597.389186,61047.152869,31996.919257,4688.3744700000025,14133.378188999995
14,Los Mártires,2025,1,80545.976,26671.703177,226.869385,226.869385,26671.703177
14,Los Mártires,2025,2,80545.976,31560.332610999998,1708.303308,1481.433923,4888.629433999999
14,Los Mártires,2025,3,80545.976,35303.305017,7077.185509999999,5368.882201999999,3742.972406000001
14,Los Mártires,2025,4,80545.976,36536.242443,8956.294630999999,1879.1091209999995,1232.937426000004
14,Los Mártires,2025,5,73960.859612,40969.078626,11506.322319,2550.027688000002,4432.836182999999
14,Los Mártires,2025,6,73960.859612,41004.222802000004,17042.573972,5536.2516529999975,35.14417600000161
14,Los Mártires,2025,7,73960.859612,53823.174598,19323.857325,2281.2833530000025,12818.951795999994
14,Los Mártires,2025,8,76588.748403,57878.553411,25401.997608,6078.140283000001,4055.378813000003
14,Los Mártires,2025,9,76588.748403,58585.828132,30674.037722,5272.040113999999,707.2747210000016
14,Los Mártires,2025,10,76588.748403,69578.513064,32886.546621,2212.5088990000004,10992.684931999996
14,Los Mártires,2025,11,76588.748403,69788.233753,34739.982968,1853.4363469999953,209.7206889999943
14,Los Mártires,2025,12,75153.313003,75106.784363,40278.143211,5538.160243000006,5318.550610000006
14,Los Mártires,2026,1,78816.592,36206.017376,12.1904,12.1904,36206.017376
14,Los Mártires,2026,2,78816.592,46040.827606,3248.515551,3236.325151,9834.810229999995
14,Los Mártires,2026,3,78816.592,45860.232411000005,5791.977301,2543.46175,-180.59519499999442
14,Los Mártires,2026,4,78816.592,48613.014331,12639.785747,6847.808446,2752.781919999994
14,Los Mártires,2026,5,73866.139152,48893.592987,15681.507843,3041.7220959999995,280.57865600000514
15,Antonio Nariño,2024,1,55673.455,16070.140311,1714.930132,1714.930132,16070.140311
15,Antonio Nariño,2024,2,55673.455,18065.612392,2825.534954,1110.6048220000002,1995.472081
15,Antonio Nariño,2024,3,49093.608514,20504.068682999998,3890.234164,1064.6992099999998,2438.4562909999986
15,Antonio Nariño,2024,4,49093.608514,21065.099786,6416.597979,2526.363815,561.0311030000012
15,Antonio Nariño,2024,5,49093.608514,23986.287174999998,8843.681736999999,2427.083757999999,2921.187388999999
15,Antonio Nariño,2024,6,49093.608514,29285.044312,10895.156686999999,2051.47495,5298.757137000004
15,Antonio Nariño,2024,7,49093.608514,32627.821498999998,11613.327587,718.170900000001,3342.777186999996
15,Antonio Nariño,2024,8,49093.608514,33192.121618,17004.236679,5390.909092000002,564.3001189999995
15,Antonio Nariño,2024,9,49343.608514,35079.518997,19220.098223,2215.8615439999994,1887.3973790000018
15,Antonio Nariño,2024,10,49343.608514,39673.69165,22420.197213,3200.0989899999986,4594.172653000001
15,Antonio Nariño,2024,11,49343.608514,40403.083484,25576.218555,3156.021342,729.3918340000018
15,Antonio Nariño,2024,12,49343.608514,48030.246732,28558.359938,2982.141383000002,7627.163247999997
15,Antonio Nariño,2025,1,58589.89399999999,19688.928229999998,634.1089470000001,634.1089470000001,19688.928229999998
15,Antonio Nariño,2025,2,58589.89399999999,22263.85223,3169.6906969999995,2535.5817499999994,2574.9240000000027
15,Antonio Nariño,2025,3,55502.692793999995,24225.928836,3979.933795,810.2430980000004,1962.0766059999987
15,Antonio Nariño,2025,4,55502.692793999995,25661.807579,5195.390547,1215.456752,1435.8787430000011
15,Antonio Nariño,2025,5,55502.692793999995,27027.807029,8194.424299,2999.0337520000003,1365.9994499999993
15,Antonio Nariño,2025,6,55502.692793999995,31989.793061,11154.390379,2959.96608,4961.986032000001
15,Antonio Nariño,2025,7,55502.692793999995,33894.355861000004,17336.968155000002,6182.577776000002,1904.5628000000033
15,Antonio Nariño,2025,8,57041.709585,38302.654086,22465.208049,5128.2398939999985,4408.298224999999
15,Antonio Nariño,2025,9,57041.709585,38672.354812,24753.863341,2288.6552919999995,369.7007259999955
15,Antonio Nariño,2025,10,57041.709585,39142.24031,27937.80252,3183.939179000001,469.8854980000033
15,Antonio Nariño,2025,11,57041.709585,39803.851118,30362.40889,2424.6063699999977,661.6108079999976
15,Antonio Nariño,2025,12,55825.831585,53757.851357,31889.439539,1527.0306490000003,13954.000239
15,Antonio Nariño,2026,1,59182.828,29318.334038,620.7122449999999,620.7122449999999,29318.334038
15,Antonio Nariño,2026,2,59182.828,32527.654038,3296.1953869999998,2675.483142,3209.3199999999997
15,Antonio Nariño,2026,3,57097.331818,32548.043100999996,4631.079953,1334.8845660000006,20.389062999995076
15,Antonio Nariño,2026,4,57097.331818,32564.661314999998,7023.069019,2391.989065999999,16.6182140000019
15,Antonio Nariño,2026,5,57097.331818,32743.912511000002,9279.070097999998,2256.0010789999988,179.2511960000047
16,Puente Aranda,2024,1,81459.388,26333.602648,2653.607406,2653.607406,26333.602648
16,Puente Aranda,2024,2,81459.388,31159.269447000002,6628.061328,3974.4539219999997,4825.666799000002
16,Puente Aranda,2024,3,79739.354098,33310.526155,10634.709347,4006.648019,2151.256707999997
16,Puente Aranda,2024,4,79739.354098,34306.490307,13962.787124,3328.0777770000004,995.9641520000005
16,Puente Aranda,2024,5,79739.354098,42575.383534,16930.635133,2967.8480089999994,8268.893227
16,Puente Aranda,2024,6,79739.354098,49373.518405,19926.611082,2995.9759489999997,6798.134871000002
16,Puente Aranda,2024,7,79739.354098,52780.073477,27409.922738,7483.311656000002,3406.5550719999956
16,Puente Aranda,2024,8,79989.354098,54103.821042,34639.292945,7229.370207,1323.7475650000051
16,Puente Aranda,2024,9,79989.354098,57745.105642,37006.836605,2367.5436599999957,3641.284599999999
16,Puente Aranda,2024,10,79989.354098,59366.212449,42420.00959,5413.172985000005,1621.1068069999965
16,Puente Aranda,2024,11,79989.354098,61086.336349000005,44611.791846,2191.7822559999986,1720.123900000006
16,Puente Aranda,2024,12,79989.354098,79054.54857300001,50292.119963,5680.328116999997,17968.212224000003
16,Puente Aranda,2025,1,93432.769,28808.923313,1815.274782,1815.274782,28808.923313
16,Puente Aranda,2025,2,93432.769,31711.812381,3309.5865639999997,1494.3117819999998,2902.8890680000004
16,Puente Aranda,2025,3,88345.98161,35715.211832,6208.924391999999,2899.3378279999993,4003.399451000001
16,Puente Aranda,2025,4,88345.98161,41355.84712,10616.743491,4407.819099,5640.635287999998
16,Puente Aranda,2025,5,88345.98161,44593.59912,15215.038286,4598.294795000002,3237.7520000000004
16,Puente Aranda,2025,6,88345.98161,49337.140524,22149.823691,6934.7854050000005,4743.541404000003
16,Puente Aranda,2025,7,88345.98161,54857.854261,25906.652006,3756.828314999999,5520.713736999998
16,Puente Aranda,2025,8,90719.770321,58954.927432000004,32721.721604,6815.069597999998,4097.073171000004
16,Puente Aranda,2025,9,90719.770321,61403.174691,36381.961859999996,3660.2402559999973,2448.247258999996
16,Puente Aranda,2025,10,90719.770321,74219.176712,40967.845466,4585.883606000003,12816.002021
16,Puente Aranda,2025,11,90719.770321,77225.46042799999,45363.268377,4395.4229110000015,3006.283715999991
16,Puente Aranda,2025,12,88809.508321,88715.215822,57251.340623000004,11888.072246000003,11489.755394000007
16,Puente Aranda,2026,1,97722.447,55091.708435,2624.2289149999997,2624.2289149999997,55091.708435
16,Puente Aranda,2026,2,97722.447,58327.553519,9040.568194,6416.339279,3235.8450840000005
16,Puente Aranda,2026,3,90815.779199,58502.412564000006,15154.232410999999,6113.664217,174.8590450000047
16,Puente Aranda,2026,4,90815.779199,59095.525583,21704.615192999998,6550.382781999999,593.1130189999967
16,Puente Aranda,2026,5,90815.779199,60098.846031,24070.540694,2365.9255010000015,1003.3204479999986
17,La Candelaria,2024,1,32384.82,6090.339626,531.981407,531.981407,6090.339626
17,La Candelaria,2024,2,31932.31305,12851.477234,1896.633691,1364.652284,6761.137608
17,La Candelaria,2024,3,31932.31305,15353.986272,2590.929739,694.2960480000002,2502.509038
17,La Candelaria,2024,4,31932.31305,16319.078526000001,4233.818591,1642.888852,965.092254000001
17,La Candelaria,2024,5,31932.31305,17428.56383,5233.729245,999.9106540000002,1109.485303999998
17,La Candelaria,2024,6,32718.31305,18123.489331,6286.606268,1052.877022999999,694.9255010000015
17,La Candelaria,2024,7,32718.31305,21244.138328,7477.406699,1190.8004310000006,3120.6489970000002
17,La Candelaria,2024,8,38718.31305,21707.068728000002,9717.729447,2240.3227479999996,462.9304000000011
17,La Candelaria,2024,9,38718.31305,23888.181746000002,10944.126593,1226.3971460000012,2181.113018
17,La Candelaria,2024,10,38718.31305,27268.312267,13039.574892999999,2095.448299999998,3380.130520999999
17,La Candelaria,2024,11,38718.31305,31508.077513,19882.228391,6842.6534980000015,4239.765245999999
17,La Candelaria,2024,12,38718.31305,37778.585429,21209.888957,1327.6605659999987,6270.507915999999
17,La Candelaria,2025,1,47957.751000000004,2678.825804,1274.7288990000002,1274.7288990000002,2678.825804
17,La Candelaria,2025,2,47957.751000000004,10456.627973999999,2698.952275,1424.223376,7777.802169999999
17,La Candelaria,2025,3,47881.680472,19516.400409,3356.478603,657.5263279999999,9059.772435000003
17,La Candelaria,2025,4,47881.680472,20526.274785999998,5205.39734,1848.9187370000004,1009.8743769999965
17,La Candelaria,2025,5,47881.680472,21365.686925,6950.390551,1744.993211,839.4121390000037
17,La Candelaria,2025,6,54007.080329,23214.997197999997,9907.438718,2957.048166999999,1849.3102729999955
17,La Candelaria,2025,7,54007.080329,32795.709071,12138.11609,2230.677372,9580.711873
17,La Candelaria,2025,8,54836.232287,36640.409538,20141.920972,8003.804882,3844.7004670000024
17,La Candelaria,2025,9,54836.232287,40591.67033,22926.981331,2785.060358999999,3951.260792000001
17,La Candelaria,2025,10,54836.232287,44874.641987,25293.77768,2366.796349,4282.971657000002
17,La Candelaria,2025,11,54836.232287,47600.039365000004,27849.03109,2555.253410000001,2725.3973780000015
17,La Candelaria,2025,12,53773.685287,53326.245848,30916.323103000002,3067.292013000002,5726.2064829999945
17,La Candelaria,2026,1,55157.886,10059.175162,658.38293,658.38293,10059.175162
17,La Candelaria,2026,2,55157.886,19456.951101,3178.727093,2520.3441629999998,9397.775939
17,La Candelaria,2026,3,52525.354745,31043.768168000002,5407.802198,2229.0751050000003,11586.817067000004
17,La Candelaria,2026,4,52525.354745,30973.181225999997,7443.683112,2035.8809139999994,-70.58694200000537
17,La Candelaria,2026,5,52525.354745,30676.204001000002,9504.887318,2061.2042059999994,-296.9772249999951
18,Rafael Uribe Uribe,2024,1,191661.51,69007.330898,2253.907441,2253.907441,69007.330898
18,Rafael Uribe Uribe,2024,2,191661.51,69952.415066,6258.5855790000005,4004.6781380000007,945.0841680000012
18,Rafael Uribe Uribe,2024,3,191661.51,71174.72887,7843.4464020000005,1584.860823,1222.313804000005
18,Rafael Uribe Uribe,2024,4,172158.223062,72645.44152000001,9244.565655,1401.1192529999998,1470.7126500000013
18,Rafael Uribe Uribe,2024,5,172158.223062,73416.91152000001,11150.073294,1905.5076389999995,771.4700000000012
18,Rafael Uribe Uribe,2024,6,172158.223062,74981.258017,17398.581511,6248.5082170000005,1564.3464969999914
18,Rafael Uribe Uribe,2024,7,172408.223062,80841.633239,20571.35934,3172.7778289999987,5860.375222000002
18,Rafael Uribe Uribe,2024,8,172408.223062,81485.52823899999,32937.498124,12366.138783999999,643.8949999999895
18,Rafael Uribe Uribe,2024,9,172408.223062,92786.92533499999,37660.096915,4722.598791000004,11301.397096
18,Rafael Uribe Uribe,2024,10,172408.223062,95509.242849,52811.454234,15151.357318999995,2722.3175140000094
18,Rafael Uribe Uribe,2024,11,172408.223062,110884.339614,58613.306751,5801.852516999999,15375.096764999995
18,Rafael Uribe Uribe,2024,12,172408.223062,163813.553916,71626.922642,13013.615891000009,52929.21430200001
18,Rafael Uribe Uribe,2025,1,229891.105,4600.583826,3283.619814,3283.619814,4600.583826
18,Rafael Uribe Uribe,2025,2,229891.105,91383.733056,15122.252234,11838.63242,86783.14923
18,Rafael Uribe Uribe,2025,3,229891.105,105702.62231199999,21741.436533,6619.1842990000005,14318.889255999995
18,Rafael Uribe Uribe,2025,4,208699.57427399998,108804.56631200001,26889.77267,5148.336136999998,3101.9440000000177
18,Rafael Uribe Uribe,2025,5,208699.57427399998,120172.038865,40797.186934,13907.414264,11367.472552999985
18,Rafael Uribe Uribe,2025,6,208699.57427399998,121050.001714,48670.789721,7873.602787000003,877.9628490000032
18,Rafael Uribe Uribe,2025,7,208699.57427399998,139876.49677,61015.292684,12344.502962999999,18826.495056
18,Rafael Uribe Uribe,2025,8,213056.108439,156382.539361,77249.32152,16234.028835999998,16506.042591000005
18,Rafael Uribe Uribe,2025,9,213056.108439,157839.021103,89316.689635,12067.368115000005,1456.4817420000036
18,Rafael Uribe Uribe,2025,10,213056.108439,173288.028784,103364.127041,14047.437405999997,15449.007680999988
18,Rafael Uribe Uribe,2025,11,213056.108439,174466.66728,113505.598623,10141.471581999998,1178.6384959999996
18,Rafael Uribe Uribe,2025,12,209227.897439,208778.461593,128695.916449,15190.317825999999,34311.79431300002
18,Rafael Uribe Uribe,2026,1,206350.80899999998,13554.603097,0.0,0.0,13554.603097
18,Rafael Uribe Uribe,2026,2,206350.80899999998,106532.445531,8511.098818,8511.098818,92977.842434
18,Rafael Uribe Uribe,2026,3,206350.80899999998,107790.570808,14276.241502,5765.142684,1258.1252769999992
18,Rafael Uribe Uribe,2026,4,192561.575144,107178.769315,19916.191921999998,5639.950419999997,-611.8014930000063
18,Rafael Uribe Uribe,2026,5,192561.575144,107575.36908,25112.643137,5196.451215000001,396.5997650000063
19,Ciudad Bolívar,2024,1,330876.803,121130.355677,5388.6731930000005,5388.6731930000005,121130.355677
19,Ciudad Bolívar,2024,2,330876.803,125067.482853,17126.81779,11738.144597,3937.1271759999945
19,Ciudad Bolívar,2024,3,313201.828466,131908.93509,26769.493756,9642.675965999999,6841.4522370000195
19,Ciudad Bolívar,2024,4,313201.828466,135227.052977,35113.017519,8343.523763000001,3318.1178870000003
19,Ciudad Bolívar,2024,5,313201.828466,146345.908234,46514.003325,11400.985805999997,11118.855256999988
19,Ciudad Bolívar,2024,6,313201.828466,149092.13046,59519.85998,13005.856655000003,2746.2222259999835
19,Ciudad Bolívar,2024,7,313201.828466,211894.22527,72740.188844,13220.328864000003,62802.09481000001
19,Ciudad Bolívar,2024,8,313451.828466,213497.403633,77541.390426,4801.201581999994,1603.1783630000136
19,Ciudad Bolívar,2024,9,313451.828466,236577.88517,129320.80354,51779.413113999995,23080.481536999985
19,Ciudad Bolívar,2024,10,313451.828466,243828.466293,134117.772202,4796.968661999999,7250.581123000011
19,Ciudad Bolívar,2024,11,313451.828466,254349.590846,143743.984769,9626.21256700001,10521.124553000001
19,Ciudad Bolívar,2024,12,313451.82846600004,311836.051065,157160.11630999998,13416.13154099998,57486.460219
19,Ciudad Bolívar,2025,1,379283.771,154647.022255,18416.815238,18416.815238,154647.022255
19,Ciudad Bolívar,2025,2,379283.771,167518.791068,34240.883081,15824.067843,12871.768813000002
19,Ciudad Bolívar,2025,3,364478.084755,176932.05277,39128.589485,4887.706403999997,9413.261702000018
19,Ciudad Bolívar,2025,4,364478.084755,197137.248673,65145.503567,26016.914082000003,20205.195902999985
19,Ciudad Bolívar,2025,5,364478.084755,202563.177195,78841.279508,13695.775941000007,5425.928522000002
19,Ciudad Bolívar,2025,6,364478.084755,205746.826122,94189.252943,15347.973434999993,3183.648927000002
19,Ciudad Bolívar,2025,7,367066.39679100004,261574.9476,108394.272923,14205.019979999997,55828.121478000015
19,Ciudad Bolívar,2025,8,367066.39679100004,281861.813229,137886.415167,29492.142244000002,20286.865629000007
19,Ciudad Bolívar,2025,9,367066.39679100004,286297.392086,152275.472847,14389.057679999998,4435.578856999986
19,Ciudad Bolívar,2025,10,367066.39679100004,307627.448014,166566.18846099998,14290.715613999986,21330.055928000016
19,Ciudad Bolívar,2025,11,367066.39679100004,332585.122156,179378.89440400002,12812.705943000037,24957.674141999974
19,Ciudad Bolívar,2025,12,360234.604791,357657.103901,196333.768063,16954.873658999975,25071.981744999997
19,Ciudad Bolívar,2026,1,383732.933,185732.830304,7392.495554,7392.495554,185732.830304
19,Ciudad Bolívar,2026,2,383732.933,201363.927934,26728.587215,19336.091661,15631.097630000004
19,Ciudad Bolívar,2026,3,368580.115838,213096.740313,41325.821615,14597.234400000001,11732.81237899998
19,Ciudad Bolívar,2026,4,368580.115838,215900.196925,64404.563069,23078.741454000003,2803.456612000009
19,Ciudad Bolívar,2026,5,369030.115838,215850.97098500002,81271.644506,16867.081436999993,-49.2259399999748
20,Sumapaz,2024,1,121092.552,48284.19531,3691.8470740000002,3691.8470740000002,48284.19531
20,Sumapaz,2024,2,121092.552,48830.315310000005,12592.115183,8900.268109,546.1200000000026
20,Sumapaz,2024,3,121092.552,51722.971165,16657.354479,4065.2392960000016,2892.6558549999972
20,Sumapaz,2024,4,121092.552,54819.974653,19859.004390000002,3201.6499110000004,3097.003487999995
20,Sumapaz,2024,5,110542.63031000001,57763.384922000005,25025.267284999998,5166.262894999996,2943.4102690000072
20,Sumapaz,2024,6,114542.63031000001,59641.982364,29315.552449,4290.285164000001,1878.5974419999984
20,Sumapaz,2024,7,114542.63031000001,64573.788896,35982.515231,6666.962781999999,4931.806531999995
20,Sumapaz,2024,8,114792.63031000001,75572.518063,40988.734317,5006.219086000005,10998.729166999998
20,Sumapaz,2024,9,114792.63031000001,86799.64728,44505.079722,3516.345405,11227.129217000009
20,Sumapaz,2024,10,114792.63031,89724.230824,53370.634421,8865.554699,2924.5835439999937
20,Sumapaz,2024,11,114792.63031000001,97147.525643,59680.433779,6309.799357999997,7423.2948190000025
20,Sumapaz,2024,12,114792.63031,114517.734772,67988.786357,8308.352578000005,17370.209128999995
20,Sumapaz,2025,1,125411.511,46928.668415,4333.335138,4333.335138,46928.668415
20,Sumapaz,2025,2,125411.511,53223.702174,8601.210769,4267.875630999999,6295.033758999998
20,Sumapaz,2025,3,125411.511,57571.243214,11214.820608999999,2613.609839999999,4347.541040000004
20,Sumapaz,2025,4,115418.463415,59201.099273,15610.637672,4395.817063000002,1629.856058999998
20,Sumapaz,2025,5,115418.463415,66449.3151,19639.172088,4028.5344159999986,7248.215827000007
20,Sumapaz,2025,6,115418.463415,68927.748455,26254.163492,6614.991404,2478.4333549999865
20,Sumapaz,2025,7,115418.463415,73753.919077,32556.044158,6301.880666000001,4826.170622000005
20,Sumapaz,2025,8,116418.463415,76394.930847,38372.061634,5816.017475999997,2641.0117699999973
20,Sumapaz,2025,9,116418.463415,82678.380498,44277.207655,5905.1460210000005,6283.449651000003
20,Sumapaz,2025,10,116418.463415,91895.199753,48541.572527,4264.364871999998,9216.819254999995
20,Sumapaz,2025,11,116418.463415,93752.720393,55158.144497,6616.5719700000045,1857.5206400000025
20,Sumapaz,2025,12,114137.186415,113553.888611,63100.547964,7942.403466999996,19801.168218000006
20,Sumapaz,2026,1,124353.493,68742.314647,2268.475274,2268.475274,68742.314647
20,Sumapaz,2026,2,124353.493,69249.833154,9938.532991,7670.057717,507.5185070000007
20,Sumapaz,2026,3,124353.493,69447.90728300001,15677.093049,5738.560057999999,198.07412900000054
20,Sumapaz,2026,4,117111.218647,68781.343758,22406.804236,6729.711187000001,-666.563525000005
20,Sumapaz,2026,5,117111.218647,68796.339743,28617.769645,6210.965409,14.995985000001383
