cod_localidad,localidad,anio,mes_corte,vigente,comprometido,girado,giro_mes,compromiso_mes,giro_diciembre,giro_q4,pct_comprometido,pct_girado,pct_girado_de_comprometido,concentracion_diciembre,concentracion_q4,anio_completo
1,Usaquén,2024,12,88133.927189,80859.74780299999,39070.469029,2584.0571750000017,32766.355613999993,2584.0571750000017,6333.460895,91.7464481409063,44.33079323154953,48.31881138707984,6.613837097993343,16.210352863435034,True
1,Usaquén,2025,12,120944.957133,120168.167523,70059.269409,8655.637678,12615.396754999994,8655.637678,17809.07288,99.35773294859595,57.92657343452332,58.30102168745376,12.354735855821062,25.42000941521694,True
1,Usaquén,2026,5,131076.057114,68765.766495,26374.666792,6696.232522000002,1118.9618209999899,,,52.46249239492516,20.121651026671728,38.35435586094677,,,False
2,Chapinero,2024,12,63598.610917,58271.189431,25265.342018,2544.569689,16659.365940999996,2544.569689,8368.549328999998,91.62336816923155,39.72624818955997,43.358205426572184,10.071384298645752,33.12264414642763,True
2,Chapinero,2025,12,75924.828581,69147.513177,38452.727001,4227.493620000001,11346.051241000001,4227.493620000001,12837.739725,91.07365070074587,50.645787049722365,55.609703421395395,10.99400211561084,33.385771897702185,True
2,Chapinero,2026,5,69233.00917599999,41126.007323,9455.496519,1492.7572560000008,19.626986000002944,,,59.402310852113814,13.657497531217812,22.991525641517722,,,False
3,Santa Fe,2024,12,86249.130404,82916.904067,50653.603453,1790.4468230000057,4920.441333999988,1790.4468230000057,11371.978216000003,96.13651022173615,58.72940772357147,61.089598101817664,3.5346879608699684,22.45048217853194,True
3,Santa Fe,2025,12,97973.264648,97920.927493,47550.704606,6297.323605999998,15710.712889999995,6297.323605999998,10553.470614999998,99.94658016634637,48.53436779599105,48.56030863208401,13.243386524298517,22.194141395895006,True
3,Santa Fe,2026,5,107759.692887,66269.28421700001,16623.594485,3564.9053810000023,-185.7708949999942,,,61.49728385593298,15.426542188118516,25.084916309893632,,,False
4,San Cristóbal,2024,12,186793.698766,184551.185602,90254.057118,8608.921713000003,51400.020508000016,8608.921713000003,22815.711756999997,98.79947065730028,48.31750627255525,48.904620592706664,9.538542629440494,25.279430626780876,True
4,San Cristóbal,2025,12,222437.19263,221851.300743,112308.43865600001,11443.254845000003,20981.198965999996,11443.254845000003,28786.42525700001,99.73660345193504,50.489955087148054,50.62329509895544,10.189131806961198,25.631578180133584,True
4,San Cristóbal,2026,5,237233.342087,163797.20000399998,57644.641897,13181.800670000004,4322.154036999971,,,69.04476350711741,24.298710033710236,35.19269065380379,,,False
5,Usme,2024,12,191785.668452,182434.473468,103541.01042,8619.560259000005,36509.90344300002,8619.560259000005,38413.050885000004,95.1241429771691,53.9878768083832,56.755178147929186,8.324778968290856,37.0993587267332,True
5,Usme,2025,12,206034.505145,202678.530245,110374.684139,11854.662073,54287.039262000006,11854.662073,30564.992758000008,98.37115880292082,53.570970581515994,54.45800500209761,10.740381424848174,27.692031915133803,True
5,Usme,2026,5,219387.134106,126238.48992300002,31274.57864,6627.244122,397.5854130000225,,,57.54142805020011,14.255429684809704,24.77420211464517,,,False
6,Tunjuelito,2024,12,83047.831573,83044.10429,52931.963271,5412.224763999999,14616.427087000004,5412.224763999999,14891.984374,99.99551188401985,63.73671927179964,63.739579978074325,10.2248706255058,28.134199930874125,True
6,Tunjuelito,2025,12,90292.817747,89012.262806,53760.101883,6372.796398999999,16671.771527999997,6372.796398999999,11878.772876000003,98.58177541364574,59.53973220066687,60.396287194910215,11.854137503067495,22.095889814071025,True
6,Tunjuelito,2026,5,88886.242923,49943.80248,13237.786207,3471.990067999999,-302.6415710000001,,,56.188450358133714,14.892952803132395,26.505363127489286,,,False
7,Bosa,2024,12,241797.06065499998,238976.03399,100926.476963,9046.505896999995,82382.261367,9046.505896999995,34413.57917499999,98.83330812320128,41.740158747009566,42.23288640199933,8.963461491196682,34.09767209809189,True
7,Bosa,2025,12,296156.146675,294908.13539999997,134776.958547,18152.444569999978,29929.85091499996,18152.444569999978,39709.073633999986,99.5785968689113,45.508749374330364,45.70133623617899,13.46850735147713,29.462805855017475,True
7,Bosa,2026,5,319395.464853,207346.159422,70615.437496,13180.170460999994,-2272.6654010000057,,,64.91831670729262,22.109092102638453,34.05678585648667,,,False
8,Kennedy,2024,12,301239.588684,287866.5791,143407.370683,15823.650070999982,51464.20962999997,15823.650070999982,48983.456206999996,95.56067326926663,47.60575172389913,49.81730464556037,11.034056335903363,34.15686095750075,True
8,Kennedy,2025,12,330591.796229,327282.174189,188874.52011100002,21354.56143100001,17282.45352499996,21354.56143100001,40152.232671000005,98.99887956151595,57.132246554650486,57.70999309052748,11.306216115572449,21.258681503149745,True
8,Kennedy,2026,5,327345.366078,185835.939523,42644.13543,9372.851554,-85.03211600001669,,,56.77060339956636,13.02726106708923,22.947195004076242,,,False
9,Fontibón,2024,12,96644.407905,92996.711391,50954.665192,4766.381829999998,23312.543464000002,4766.381829999998,15561.403355000002,96.22565175464096,52.72386296999995,54.791900089631845,9.354161806460718,30.53970288365898,True
9,Fontibón,2025,12,103773.204487,102826.976178,53207.387542,4104.188838999995,17982.722708,4104.188838999995,15253.249387999997,99.0881766505355,51.272761407946554,51.74458057571842,7.713569540997096,28.667540528953108,True
9,Fontibón,2026,5,111311.732636,67960.452393,21272.567006,5134.464040000001,198.90025099999912,,,61.0541681308988,19.110803957713358,31.301391113445707,,,False
10,Engativá,2024,12,157883.35154899998,157449.898344,87026.253201,7757.236303999991,34193.42055699999,7757.236303999991,20479.047189000004,99.7254598406055,55.12060160060063,55.27234638847663,8.913673769320514,23.53203365161616,True
10,Engativá,2025,12,184284.099062,184278.957266,125283.80442,32164.76036500001,30498.65046200002,32164.76036500001,51590.071943,99.99720985368454,67.98405562807125,67.98595253562095,25.673518228398645,41.1785642859711,True
10,Engativá,2026,5,169437.091846,100535.58123400001,45582.00502,6343.178089000001,143.42698800000653,,,59.33504886012561,26.902022764548573,45.33917689689018,,,False
11,Suba,2024,12,226740.857782,203995.400898,91831.698986,4923.100342999998,70184.010606,4923.100342999998,28394.439498000007,89.96852305027944,40.50072840171205,45.016553599616145,5.361003223680462,30.92008512477681,True
11,Suba,2025,12,274906.424084,272900.737535,143572.771708,21762.208383999983,27885.98521700001,21762.208383999983,43098.50716599998,99.27041117511786,52.22605189616453,52.609887758030155,15.15761528116224,30.018579883415665,True
11,Suba,2026,5,286621.569827,166145.923462,54291.235674999996,12822.946651999999,4171.963049000013,,,57.96699933026077,18.94178296063666,32.676838855704574,,,False
12,Barrios Unidos,2024,12,66698.150816,60901.551626,32138.744425,4206.712356,20876.719338000003,4206.712356,12915.230045,91.3092055490548,48.18536051120977,52.77163482199257,13.089224334251508,40.18585752514195,True
12,Barrios Unidos,2025,12,78434.142427,78386.865344,47468.426897000005,4349.304775000004,7079.8272200000065,4349.304775000004,11586.233593000004,99.93972384788424,60.520106968951296,60.55660816220329,9.1625214048854,24.408294840148265,True
12,Barrios Unidos,2026,5,77663.954447,44619.697041,12791.781494,3713.1394500000006,-105.5245470000009,,,57.45226000750412,16.470680105182463,28.668463352061604,,,False
13,Teusaquillo,2024,12,45357.46823,45137.986051,16416.061666,1388.1893200000013,16160.898290999998,1388.1893200000013,4791.154475000001,99.51610575377127,36.19263223149261,36.36861788085097,8.45628719143483,29.18577288804393,True
13,Teusaquillo,2025,12,63010.540723,62011.06074,39101.94307,5268.056755999998,5321.065605000003,5268.056755999998,11883.233596000002,98.41378923029116,62.05619348974588,63.05640091200285,13.472621415690682,30.390391533041534,True
13,Teusaquillo,2026,5,57469.705,33277.315895,12711.92455,3119.325693999999,279.5221959999981,,,57.904100769266165,22.119348881293195,38.19996958321389,,,False
14,Los Mártires,2024,12,64597.389186,61047.152869,31996.919257,4688.3744700000025,14133.378188999995,4688.3744700000025,14882.190539,94.5040560280578,49.53283663658437,52.41345051039747,14.652580869873345,46.51132322917059,True
14,Los Mártires,2025,12,75153.313003,75106.784363,40278.143211,5538.160243000006,5318.550610000006,5538.160243000006,9604.105489000001,99.93808837143594,53.59463422376624,53.627836090453506,13.74979033662984,23.844459360224704,True
14,Los Mártires,2026,5,73866.139152,48893.592987,15681.507843,3041.7220959999995,280.57865600000514,,,66.19215996437545,21.22962973701788,32.07272545335225,,,False
15,Antonio Nariño,2024,12,49343.608514,48030.246732,28558.359938,2982.141383000002,7627.163247999997,2982.141383000002,9338.261715,97.33833454513696,57.876512881900986,59.45911562218373,10.442271157987399,32.69887253775532,True
15,Antonio Nariño,2025,12,55825.831585,53757.851357,31889.439539,1527.0306490000003,13954.000239,1527.0306490000003,7135.576197999999,96.29565710122685,57.123089139201404,59.32052478665066,4.788515167011573,22.37598496917252,True
15,Antonio Nariño,2026,5,57097.331818,32743.912511000002,9279.070097999998,2256.0010789999988,179.2511960000047,,,57.34753528478794,16.251319987381198,28.3383059213916,,,False
16,Puente Aranda,2024,12,79989.354098,79054.54857300001,50292.119963,5680.328116999997,17968.212224000003,5680.328116999997,13285.283358,98.83133757542947,62.87351676997411,63.616984564220985,11.294668272443127,26.416232538564703,True
16,Puente Aranda,2025,12,88809.508321,88715.215822,57251.340623000004,11888.072246000003,11489.755394000007,11888.072246000003,20869.378763000008,99.89382612201929,64.46532776205257,64.53384584880034,20.764705449053046,36.45220974024842,True
16,Puente Aranda,2026,5,90815.779199,60098.846031,24070.540694,2365.9255010000015,1003.3204479999986,,,66.17665626070163,26.50480005380502,40.05158548565809,,,False
17,La Candelaria,2024,12,38718.31305,37778.585429,21209.888957,1327.6605659999987,6270.507915999999,1327.6605659999987,10265.762363999998,97.57291176455324,54.77999242789841,56.1426234363943,6.259629971149965,48.40083031463463,True
17,La Candelaria,2025,12,53773.685287,53326.245848,30916.323103000002,3067.292013000002,5726.2064829999945,3067.292013000002,7989.341772000003,99.16792119302977,57.49340581363157,57.97581024383984,9.921270400691224,25.841823897954892,True
17,La Candelaria,2026,5,52525.354745,30676.204001000002,9504.887318,2061.2042059999994,-296.9772249999951,,,58.40265934409541,18.09580794674174,30.98456157642632,,,False
18,Rafael Uribe Uribe,2024,12,172408.223062,163813.553916,71626.922642,13013.615891000009,52929.21430200001,13013.615891000009,33966.825727,95.01493084647751,41.54495729373774,43.72466192799206,18.168609526956267,47.421869422996565,True
18,Rafael Uribe Uribe,2025,12,209227.897439,208778.461593,128695.916449,15190.317825999999,34311.79431300002,15190.317825999999,39379.226813999994,99.78519315468866,61.50992196751442,61.642333920385084,11.803263262062913,30.59866070389678,True
18,Rafael Uribe Uribe,2026,5,192561.575144,107575.36908,25112.643137,5196.451215000001,396.5997650000063,,,55.865438886005045,13.04135735191221,23.34423144607072,,,False
19,Ciudad Bolívar,2024,12,313451.82846600004,311836.051065,157160.11630999998,13416.13154099998,57486.460219,13416.13154099998,27839.31276999999,99.48452130303164,50.13852274498602,50.39831532411276,8.536600669432262,17.713980762833398,True
19,Ciudad Bolívar,2025,12,360234.604791,357657.103901,196333.768063,16954.873658999975,25071.981744999997,16954.873658999975,44058.295216,99.28449381161052,54.501640167775776,54.894413090518526,8.635739957662025,22.440508146241292,True
19,Ciudad Bolívar,2026,5,369030.115838,215850.97098500002,81271.644506,16867.081436999993,-49.2259399999748,,,58.49142433669454,22.02303850498676,37.65173913053546,,,False
20,Sumapaz,2024,12,114792.63031,114517.734772,67988.786357,8308.352578000005,17370.209128999995,8308.352578000005,23483.706635000002,99.76052858336146,59.22748365761357,59.369657016324,12.220180743297812,34.540558661674304,True
20,Sumapaz,2025,12,114137.186415,113553.888611,63100.547964,7942.403466999996,19801.168218000006,7942.403466999996,18823.340309,99.48895025160411,55.284828675001634,55.56881295378855,12.586900943445501,29.830708157620208,True
20,Sumapaz,2026,5,117111.218647,68796.339743,28617.769645,6210.965409,14.995985000001383,,,58.74444868545678,24.436403254636524,41.5978084763032,,,False
